text,dialect
@Alhilal_FC ูููู ูุงุชูุฏุฑูู ููู ูุงุชุฑูุชู ุงูุฑูุงุถูู ุชูููู   ุงู ุจุณ   ูุนุงูู  ูููุง,SA
ูุฑุญุฉ ุจุงุจุง ุจุณ ูุดูููู ูุงุนุฏู ูุนูู ุนุงูุบุฏุง๐ญ๐ ูุงูุญุฑู ููู ูุงุฑุจ,PL
@nehad_n0 @ab_hass_m ุชุนูู ุฑูุจูุฑุช ุน ุงูุฑุญูู ูู ุงูุงูููุช ุจุชุงุนูุง,EG
ุชู ูุจู ุตุงุฑุชูู ูุงุฑุซู,LY
@sanabelmaj ุงุณูุชู ููุฒุนูุง ุดุงูุฑูุง ุจุจูุงุด ๐,PL
@kamalshymaa ุฑุจูุง ูุทูู ูู ุนูุฑู.  ุจูุงุด ุงูููุงู ุฏู,EG
@palestine9876 @HlaBibo @DAbwainy @amkl1313 ูุง ุนูุฑู ููููู ุดูููุง ูุงุชุช ูุงุงุงุฑุจ ุชุฑูุญ ูููุง ูู ุบูุฑุชูุงุง ููุญุชูุงุง,SY
"@TheEinas @such_as_breeze @ali_95IQ @actortaim ูููููู ุฏู ุงูู ุตุงุฑูู ุงูุงู ุงุญุฌู ุจู 
๐ก๐",IQ
"@mohdewaid @sudan_rock @MageedMohmmed ูุงุฃุฎู ุฌูุช ููุชู ุดูู ุฏู ุญูููู ูุงุชูุช ูููุง ุงุณู ุณุจุนู ููู ูุงุฎ ูุณู ูู ูุฒุงุฑุงุช ุดุงุบุฑู ูุณู ุญุชู ูุงุงุฎุชุงุฑู ูููุง ุงููุฒุฑุงุก ุจุชุงุนููุง ุชุทุงูุจ ููู ุจูุณูุฑู ูุงูุชุง ุงูุฌุงูุจ ุงูุญูููู ุฏู ูุงุงููููููู ููุญุช ูู ูุงุณ ูุณู ุชุตุฑูุญุงุชูู ุฒุงุชู ููุฒูุฒุง ูู ูู ููู ุดูุทูู ุงูุฌูุจููุง ูุงูุชุญููุง ุฏุงูุฑูู ุงุนููู
ุซู ุฏุง ุดุบู ุงููุถุงุก",SD
@Sh3aib ๐คูุงููู ุฅุฐุง ุฎุทุจุช ุงู ุชุฒูุฌุช ูุง ุดุนูุจ ุฃูุง ุจููุช ููุฑ ๐๐๐,SD
"@ba3tharat_najma ุดูู ูุงูุงุญุฑุงุฌ ๐
ุจุนุฏูู ุงุญูุง ุน ุชููุชุฑ ุดุจูุฏูุง ุบูุฑ ุงูุงูููุงุช ุจุงูุณุนุงุฏุฉ ูุงูุนูุฑ ุงููุฏูุฏ ๐๐",IQ
"ูู ุฃูู ููู ูู ุงูุญุฑุจ ููุฃู ูุง ูุจุณุช ุจุฌุงูุฉ ุงูููู ูู ุงูุจูุช!
ูุฅูุชู ูุงูุญุงูุ",PL
@bu5alled ูู ุงูุณ ุงููู ุนุณู ุญุฏ ุณุฌู ูุงูููุทู ๐๐,AE
@fdeet_alnssr @lolotot2_k ุจู ุนููุฏ ุดู ุทุจูุนู ุงููุงุญุฏ ูุญุจ ุจูุฏูุ ุจุณ ุงูู ุชุชุฑุฌู ููุถูุน ูุงุถุญ ุจููุถูุน ุงุฎุฑ ุญุณุจ ููุงู ููุตูุฑุ ูู ุดูู ุงููุฑู ุจููู ูุจูู ุงู ูุตุงุจ ุจุชููุชุฑุ ุญุจ ุงููุทู ูู ุจุงูุชูููู ูุงููุฐุจุ ุชุฑุฌู ุงูุชุบุฑูุฏู ุชุฑุฌูู ุตุญูุญู ููุงุชุฃูู ูู ุฑุงุณูุ ูู ูู ุงูุฎูู ููุง ูุงูุนุฑู ููู ุฎุท.,IQ
"ุญูุฏ ุจูุญูุฏ

ูุงูุนุฑู ุนุจุฏุงููู ูุงูู
ูููู ุนุจุฏุงููู ุงููุทูุฑู

ููุงูุนุฑู ููุตู ุฒุงูุฏ
ูููู ููุตู ุงูุญุฑุจู

ููุงูุนุฑู ููุฏ ุญููุฏ
ูููู ููุฏ ุงูุฑุดูุฏู

ูุงุถุญ ุฅูู ูู ูุชุงุจุน ููุงูุนุฑู ุฃุณูุงุก ุงููุงุนุจูู",KW
@safa_ss8 ุจุณ ูู ูู ูููุจ.. ูู ุงููู ุชุจููู ูู ูุฏุงูุง,SA
ุงุณูุงู ุชุนุงูู ููุนุจ ูุทุจูู @eslammarafe95 #ุฒุฏ_ุฑุตูุฏู6,JO
ุจุนุฏ ุงููู ุชุนุฑุถุชูู ูู ุชุนุฐูุจ ูู ูุจู ุงููููุดูุงุช ูุจุนุฏ ุดููุช ููุฏูู #ุงูุชุนุฐูุจ ููุฅูุฑููู ุฃูููุช ุงููุง ุดุนุจ ููุฏ ูู ุงูููู... https://t.co/ummoBpmSbk,LY
@al3taib511 @smartmind2000 ููุงูุฌ ููุทูู ููุงูุนู ููุฐุง ุฃููู ุงูููุฑูุถ ูุตูุฑ ุจุงุฑู ุฃููู ููุฌ ูุนุณู ุฃููู ูููู ุงูุฌููุน ูุงุฑุจ๐คฒ....,KW
"@Etshh72 ูุงู ูุนูู ุงูุช ููุช ุจุชูุทุนูุง ูุจู ูุฏู ๐๐
ุชูุฌู ุจุงูุณูุงูุฉ โค๏ธ",EG
"@s3dqatar ูุง ุฒูู ูุธุงู ุฃูู:
ุชุตุฑูุญ ูููุนูู: ""ูู ุงููุญู ู ููุง ุงูุนุธู""
ู ู ุงูุจูุช ุงูุนุตุฑ ุฎูุฒุฑุงู ุฑุงูุญู ููุงู ุงููุทุจุฎ ู ุฑุงุฏุฉ ุฏุงุฎู ูุน ุชุฎููู ุงูุณุฑุนุฉ ู ุฅููุงุก ูุธุฑุฉ ุนููู ุฃูุช ู ูุชุงุจูุ ุญูุธูุง ู ูุฌุญูุง ุจุฌูุฏูุง ูุจ ุจุฃุนุตุงุจ ุฃููุงุชูุง ู ููุฑุฉ ุฏููู ู ุชูุชุฑูู.",QA
@alraban2030 ุงูุฌูุงุจ ุนูุฏ ุตุงูุน ุงูุณูู,KW
ูุงุฑุงุญ ูููุช ูู ุงูุฌูุน ุงุฐุง ูุงุทุนูุง ูุงู ุงูุดุฑูุงุช ุงููุงุณุฏุฉ .. ุฎูู ูุจููู ูุญููุจูู ุงููู ุจูุฑุง ุจุตูุฑู ูุญูู ุงุดุชุฑู ุนูุจุฉ ูุงูุซุงููุฉ ูุฌุงูุง !!! https://t.co/NoGVT1YO13,JO
@binmansoor @noon @TwitterMENA ูุง ูููุช ูุง ุจู ููุตูุฑ. ูุนูู ุฃูุง ุงูุญูู ุฃูุฏุฑ ุฃุฑูุญ ูุชููุชุฑ ูุจุงุดุฑุฉ ูุฃุนูู ุจูุจูุบ 10 ุฏุฑุงูู. ููุด ุฃุฑูุญ ูุจู ููุตูุฑ ูุฃุนุทูู 12 ุฏุฑูู ูุญุท 2 ูู ูุฎุจุงู ูุงูุจุงูู ูุชููุชุฑุ,AE
@BatoolSHiari @khaberni ููุง ูู ูุญุธุฉ ูุชุนุฏู,JO
"ููุงุณู ูุงููู ,,ุฑุจู ููุฑุฌ ุนูููุง ูุงุฑุจ @Putin195",LY
ูููุงู ู ุฑุงูู ุฌุฏุง ู ุจุญุชุฑูู ู ุจุนุฒู ุฌุฏุง ๐,PL
@abdullahalsaleh ุงูุช ูุญุชุงุฌ ุงุชุนูุด ูู ุงูุฑุงู ุนุณุจ ุงุชุนุฑู ุงูุญุตุงุฑ ุงููู ุจูุญุจู ููุจู ููุงู,AE
@omaralsomah ุนูุฑ ูุจุฑูู ุนููู ุงูุฌูููุฑ ุงูุฌุฏูุฏ ุฌูููุฑ ุงูุดุจูุญุฉ ุงููู ูุชููุง ุดุฑุฏูุง ุงูู ุจูุฏู,SY
@smersal91 ุนุงุฏู ุชูุง ูุฎุด ุจูู ููู ุงููุดููู,LY
"@rasheedalfaam ุงูู ูุฌุจ ุงุฎุฐ ุนูุงู ุจู ุนุงููู ุงูู ูุณุจ ููู ุงูุถููู ุจุนุฑุณ ุงูู ุ ููุฎูู ุจุฒุฑุงู ุงูุจุฏู ุฑูุงุฌูู ูุฏุฑุณุซู ููุฑูุญูู ูุงูููู 

ูุฒูุงูุจ ุงูุญุถุฑ ุญููุฏ ูุฎููุฏ ูู ูุตูุตุชู ูุน ุฑููุฌุชู ุุ ูุฌูุงุนุฉ ุงุณุชุบูุฑ ุงููู ุงุณุชุบูุฑ ุงููู ุงููุฑูู ุงูุฏุงุฌู 

ุงูุชุนููู ุจุฎุทุฑ ูุงููุฒูุฑ ุฏุงุฌ ูุงูุฏุฑู ููู ุงูุฏููุง ุฑุงูุญู",KW
@Maryamalsherooq @ebrahimalmannai ููู ุณูุญ ูู ูุชููู ููุงุจุฉ ุนู ุงูุดุนุจ !! ุจุงูู ุจุณ ูููู  ุงูููุงุทููู ูุง ูุญุชุงุฌูู ููุฑุงุชุจ ุงูู ุนูุฏูู ูููููู ูุฒูุงุฏุฉ !!,BH
@sabah_coop ุจุณ ูุงุฎูู ูุงุฒู ุชุดูู ุงุณุนุงุฑ ุงูุฌูุนูู ุถุฑูุฑู ุจุนููู ูุจูู ุงูุช ุชูุงุฑููุง ุจุงูุฌูุนูุงุช ุงูุซุงููู ูุฑุงุญ ุชุดูู ุงููุฑู ุงููุจูุฑ ูุดูุฑุงุงุงุง,KW
"ูุง ููุจ ูููุฏ ูู ุฏูุชู ุงูููุงูุจ 
ุฅุตุจุฑ ุนูู ุชุฏุจูุฑ ููุดู ุงูุณุญุงูุจ",SA
@salmanalibh ุจุชูุจุณ ููุงูุงุช ูุจุชุงุฎุฏ ุงุฏููุฉ ูุจุชูุชุจ ูู ุชููุชุฑ ูุจุชูุงุดุฏ ูู ุงูุตุญุงูุฉุ ูุจุนุฏู ุจูุฌูู ุนูุงูู ุจูููููู ุงููุณูุฑุฉ ูุจุชุธู ุงููุดููุฉ ููุง ูู #ุงูุจุญุฑูู,BH
"ุนูุฏู ุฃูู ุจู ุงููุตู ูููุข ุชุบูุจ
ูู ุบุงูุจ ุนูุจ ุงูุจุทุง ุฌุง ูู ุบุงูุจ..",OM
@Bianconero234 @AltamimiAlwa7da ููุฌุนูุง ุงููุดู ูููู ุตุนุจ ุงุชูุงุณู ูุญุธู ูุญุจุชู ู ูุงุฌุจู ูููููู ุฎูู ุงููุงุฏู ุงููู ูุฑุญูู ูุจูุงูู ูููุช ูู ุฏุงุฆู ู ุฏูุงุฆู,AE
ุนุงุฏุชู ูู ูุณุงุก ุงูุงุฑุจุนุง ููุง ููุงู ุงููู ุงูุนุฏ ุงุดูู ุญููู ุชูุจ ุดูู ..ุงูููู ูุฑุฑุช ุงุฑูุญ ุงูุงู ูุจุฌุฑ..,BH
@al3in911 @decoalain @ROO7_ALZ3AAMAH ุฏุฎูููููููู ุฎูู ุจุฏูู ุชูููู .. ุงูุนุงูู ูุฑุชุงุญ ุจุบูุงุจู ๐,AE
"ูุฑูุถ ุงูุจุงูุจููุงุฑ ุฃุซูุงุก ุงู hypomania ุงูุนุงููุฉ ุจูุญุณุณู ุงูู ูุตู ููููุฑูุงูุง ูุณุฑ ุงูุญููุฉุ ููู ุจุนุฏ ุฒูุงู ุชุฃุซูุฑ ุงูููุจุฉ ุจูุญุณ ุจุงูุญุฑุฌ ูุงููุฏู ุงูุดุฏูุฏ ุนูู ุงููู ุนููู ููุงูู ููุชุณุงุฆู ุงุฒุงู ุนููุช ูุฏุฉ ูุทูุนุช ููุณู ุนูู ุงููุณุฑุญ ูุฏุฉ!
https://t.co/1N4acnthGy",EG
"@JHKWT ูุงุฑูุช ูุจููู ูุณุชุดูู ูุชูุงูู ููุงุทูุงู ุงููุนุงููู ุชููู ููู ุฌููุน ุงูุชุฎุตุตุงุช ูุฑุงุซู ุทุจ ุนุงู ุฎุฏุฌ ุนูุงุฌ ุทุจูุนู ุงุนุตุงุจ ุงูู ุงุฎุฑู

ูุงูุตูุฑ ูู ููุนุฏ ูู ููุทูู ุงู ูุณุชุดูู ุบูุฑ ุนู ุงูุซุงููู
ููุง ูู ุชุนุงูู ูุนูู ููู ุฎูุฑ ูุฎุฐ ุงููุฑูุถ ุงููุนุงู ูููุทูู ุตุจุงุญ ู ูู ุงูููุฑูุถ ูุฑูุญ ูุจุงุฑู ูุงูุช ูุง ุชุฏุฑู ุทุจุนุง
ุชููู ุบูุทุงู ุนูููู!!",KW
@DlakSaad ููู ูุญููุงู ูุงูุฑุถู ุจุงูุธูู ุฑุบู ุงูุฏูููููุงุช,SA
"@Jzrawi15 ุชุจุง ุงูููุชุงุฒ ุงุฏูุน ู ูู ููุฏุฑูู ูุฏูุนูู ุุ

ูุญูุฏ ุชุดููู ุณูุก ุงุฌู ุดู ุฎููุช ุญู ุฌูุงู ู ุฑุจุนู",AE
"@Ayla_Massarani ุตุงุญุจ ุงููุตูุญุฉ (ุฃูุง) ุฃูู ูุงุญุฏ ูููู ุฃููุน
ูุง ุนู ูุธุฑ ุนูู ุญุฏุงุ ุจุณ ุนู ุฐูุฑ ุงููุจุงูุบุฉ ุจูู ุดูุก ุญุฏ ุงูุงูุฑุงุท ููู ุบูุท ูุจุชูุฏู ููุชุงูุฌ ูุง ุจุชุณุนุฏ ุดุฑุง ูุงูุช ุงู ุฎูุฑุง",SY
@5odra ุชุงูู ูุงุชูุฑุฑู ุญุฑูุชู ุฏู,SD
#StaracArabia ุดุฑุงุฑุฉ ููุงูู ููุงุจููููุง ูุณูู ูููุงู ูุจุณ ูุงููุงุณ ุงููู ุตุฏูุช ุดุฑุงุฑุฉ ููุง ูุงู ุงูุญูุงู ุงุญุณู ูู ูุณูู ูุงุชูุถุญูุง ุญุงูู ุญูุงู ุชุดุงุฒ ุงูุจุฑุงูู ูุฐุง,TN
@SawtBeirut ูุงููู ุชุงูู ููู ุจุตูุฑ ุฅูุฑุงูู,SY
ุชุนุจุช ุงุชููุฏ ูู ุฃู ุฅุดู ู ุฃูุจุณุท ุน ุฃุชูู ุฅุดู,PL
ูุงุฐุง ุงููููู ุนูู ุงูุงูุชุงู ุชุดุนุจุทุชุ ูุงุถุญู ููู ููุง ูุง ุงุฎุชู ุงูุฒูู,LY
"ูุงููู ุงููุฑูุทู ุงูุนุดูุงูุง ูุง ุญุงุดููุง ุชุงูู ๐
ุฑูู ูุฌูุงู ูุถููุฉ ุงุฎูุงู ๐
ุฑุจูุง ูุฏูู ุงููุญุจู ๐",SD
ุฏุง ูู ุณูุฏุงูู ูุงู ุฌุง ุนุฑุณ ุจูุงุช ุงูุญูู ูููู ููุดุง ๐ https://t.co/gqLc4zf1j2,SD
"ุดูุฑูุง ุชููุชุฑ ุฐูุฑุชูู ุจุชูุฏู ุงูุนูุฑ ูููุตุงูู 

ูุจุฑูุง https://t.co/fxM8ttT77K",IQ
@Miss_Oumaii ุนู ุงู ุญุฑุงู ูุญูุงูุ ุงูุง ุตุญ ูุงุชุญุจ ุตูุช ุงููุฎูููุฉ ุงููู ูุดููู ูุตูุญ ูุจุฑุงูุฌ ูุฑุชูู ููู ุงูุจูุช ูุฑุชุจุทุฉ ุจุชูุฏูู ุจุฑูุงูุฌูุง ููุงุฑ ุงูุฌูุนุฉ !! ูุงูุญูู ููุงุฑ ุงูุฌูุนุฉ ุงุฏุง ุนู ุงู ุญูุงู ูุญุฑุงู! ูุงูู ูุงุจุงุณ ูุฃูููุฉ ุ!,DZ
@almoqahwy @alhssean_alself ูููู ุงูุทูุจ ูุงุจูุณูุทุงู ููุงุนูููู ุฒูุฏ ูุงุจุนุฏู,SA
@mustafanasser4 @AljaffalA ูุงู ุดูู ุจููุง ุ ูู ุงูุตูุงุฉ ุฑุจุน ุณุงุนุฉ ูุนูู ุจุณุจุจูุง ุตุงุฑุช ุฃุฒูุฉ ุจุงูููุฑุจุงุก,IQ
"@AhmedWagih ุชุฑุดูุญ ูุฅุฎุชูุงุฑ ูุฑุณู ูุงูุฅุฎูุงู ูุชููุน ูููู ุฅูู!!!
ูุฐุจ ูุชุฏููุณ ูุนุงุฏุชูู",EG
@racan86 ุนูู ุชุจููู ูุฎููุ๐๐ด ุฑูููู ูู ุงูููู ูู ุจุงุฌุฑุ ู ููุงุณ ุฌูุชูู ูุงูุชู ุจูุฑุงูู ูุตูุฑ ูคูฅ ูู ูุซุฑ ูุง ุงูุง ุทูููู ูุงูุจุง ุงูุญูุฏููู ุนุงููุตุฑ๐,KW
@Wael83646014 @abdallah_fatima @Annahar ูููู ูุงู ุงุบูุจ ููุตุญุงูููู ููู ุงู ูููู ุญูููู ูู ุณุจุจ ุงูุฌุฑููุฉ ูุงู ููู ุดู ูุชุนูู ุจุงูุฌุฑููุฉ ููุฐุง ุงุนูุงุด ุฌุงูุจููู ููู. .... ููุชุธุฑ ุงูููุงูุฉ ๐,LY
"@HfypHf @Abdulkhaleq_UAE ูุงููู ุงูุชู ุญุฑุงู ุงุดุจูู ุจุงูุชูุณ ูููู ุธูู ููุชูุณ 
ุงูุญูู ู  ุชุจู ุดู ุงููุฑู ุจูู ุชุนูู ุจุงูุจููุฏ ููุทุจูู ุงูุจููุฏ ๐
ู ....... ุฎูุต ุชุฎุฒูู ูุงุงุงุงุงุงุช  ููุชูุญ ูุฎู ูุงูุชูู ุนูุจ ุชุนุงู ูุงูุด ุฎุณ ุงููู ุงูููููุด ๐",AE
ุชุจุบู ุฒูุงุฏู ูู ุญุจู ุงุฌุจูู ููุจู ุชุงูู ูููู โค .,OM
@ALWDIM ูุง ุงุนุชูุฏ .. ุงููุจูุฑ ูุงูุตุบูุฑ ุงูุญูู ูุชููู ุชููู ูุธููุชู ูุงุนุจ ูุฑุฉ ูุฏู ูุญุชุฑู .. ุงููุงุณ ูุจู ุชูููู ุฑูุญ ุงุฏุฑุณ ููุฏุฑ ุนูู ุงูููุฑุฉุ ุงูุญูู ุชูููู ุฑูุญ ุงุฏุฑุณ ุจุณ ุดุฏ ุญููู ุงูุซุฑ ูุงูููุฑู ๐,AE
"@Emad085 @Roma4EverNET ุฌุฒุงู ุงููู ุฎูุฑ ููุง ูุตุฑุช

ุฑุงุญ ุงูุชุธุฑ ูุชุงุฑูุฎ ูข ุฌููุงู ูุงู ุดุงุกุงููู ุงูุฏุฑ ุงุดุชุฑู ุงูุชุฐุงูุฑ ุงูููุณููู ููููุณู ุงููุงุฏู ูุงูู ูุงุจู ูุตูุฑ ูู ูุซู ูุงุตุงุฑ ูุนุงู ููุช ูุจุงุฑุงุฉ ุงูุจุฑุดุง ูุงููููุฑ ูุฎูุงูู ุงุฏูุน ูฃ ุงุถุนุงู ูููุฉ ุงูุชุฐูุฑู ุงูุนุงุฏูู ๐",AE
@IMrged ุงููู ูุงูููุน ููุชุฎุจ ุจูุงุฏู ููุณ ูุงุนุจ ูู ุธูู,SA
ูู ูุงุณ ููุง ุชุญุงูููุง ุจุชุญุณ ุงููุง ูู ุจุฑุฌ ุงูุญูุงุฑ,SY
"@Robina64134334 ูุง ุงุฎุชู ุญุณุงุจู ุซููู ูุง ุงุฏุฑู ููุด
ูููู ุนููู ุจูุงุบุงุช ูุง ููุชุญ ุฅูุง ุจุงูุบุตุจ",YE
"ุงูุง ูู ุชุถูู ุจู ุฏููุงู ูู ูู ุตูุจ 
ุงุชุฐูุฑู ุ ูุงุชุฎูู ุฅูู ุชุจุชุณู ูุฃุจุชุณู ,

ุตุญูุญ ุฌุงููุช ูุงุฌุฏ ุจุณู ูุงูู ูุฐูุจ 
ุงููููู ุฃูุณู ูุตููู ุจุณู ูุงููู ูุณู !",KW
@maganenoo ูุด ูุงุณู ุจุตุฑุงุญู ุงูู ูุนุฑูุชู ุจูู ูุงูู ูุงุนููุช ูู ููู ูุงู ุชุฑูุฏ ุจุชุงุน ุงูุชุญุงู ุงูุณุฌูู ูุฑุงุชู ุงูุชุฑ ูู ูุฑู ูุงูู ูุงู ุจูุซุจุช ูู ูููู ุงูุง ููุช ูุนุชูุฏ ุจููุง ููุงููุชุด ูุตุฏู ููุถูุน ุงูุนุงุฏูู ูุชุญ ุงูุณุฌูู ูุงูููุชุงุฑูุด ุงูู ุงูุชุดุฑ ุงูุงููุง,EG
@wahib_hamood @CAFLyj7ESo9RLFO ูููู  ุฎุงุฑุทุฉ ุงูุถุงูุน ูุจู ุงููุญุฏุฉ.,YE
@emyelhefny @mazen81 ูุงููู ุงูุง ุจูุฒู ุงูุงุฑุฏู ุจุงูุตูู ูุงูุจุชุฑุง ุจุชููู ุดูุจ ูุชูุฑ ุุ ุจุณ ููุณู ูุงููู ููุงุฏู ุฑู ููุงู ุุ ููุง ุชุนุงูู ูุฒุจุทูุง ๐๐๐,PL
@Yousef_Bardi ุงููู ูุณููู ููุนุฒ ุบุงููู,KW
@GhinaAzizeh ููุง ุงูุง ๐ ุนู ุญุงูู ุฏูุฑ ุน ุญุฏุง ูุงุจุณ ุงุณูุฏ ูุญุฏุง ููู ุงูุฎุฑุฏู๐,PL
ุญุงููุง ุงุนุชูุฏ ุจุงู ุงููููุน ูุนูู ุจุฏูู ุงุฎุทุงุก ุฑุงุฎ ุงุถูู ุจุนุถ ุงูุงุดูุงุก ุฎูุงู ุงูููููู ุงููุงุฏููู ูุจุนุฏูุง ุฑุงุญ ุงููู ููุฏุฉ ุงุณุจูุน ุนุดุงู ุงุฎูุต ูููุน ุซุงูู ุงุดุชุบู ุนููู,AE
@Muharraq_Fans ูุงูุตุฑ ูุตุฑ ุนูู ุงูุดุฑ ุงููุจุชู ูุงุถู,BH
@askar1s ูุฎุฑุจ ุจูุชู ุดู ุฌุญุด ....,PL
ููุจูุนุทููู ูุตุงุฑู ูุงุจููุฑ ุงุฑุฌุน ูููุฏุฑุณุฉ ูุงูููโ๐ผ https://t.co/Qw8RELnXWY,LB
@lujainben ุทูุจ ููู ุงููู ุชูุฑู ุนูู ูุฏ ูุง ุชูุฏุฑู ููุนู,LY
"@nayef965 ูุฏุงู ุงูุฌูุงุฒ 
ุงุฎูู ุญุณุฏ ุงูุญุณุงุฏ 
ุงููู ููููู ููููููุง ุดุฑ ุงูุญุณุฏ",IQ
"@abqatar ุงููู ูุญูุธู ูุงุจู ุญูุฏ ูููุตุฑู ุนูู ุงูุนุฑุจ ุงููุชุตููููู ุญุณุจู ุงููู ุนูููู ุญูู ุงููุฌุงุฑ ุฏูุฑู ูุญุฏู ุงูุฎููุฌ 
ูุงููู ูุงุฑุจ ุจูุฐุง ุงูุดูุฑ ุงููุถูู ุงู ุชุชูุถู ุนูููุง ุจุญูุธู  ูุชููู ุดุฑุงุฑ ุงูู ุงูุงุฑุถ ุงููู ุทุบุงู ุนุตุงุงู ุนุจุฏุฉ ุงูุตูุงููู ุงู ุชุฑุฏ ููุฏูู ุจูุญุฑูู ๐",QA
@ghadabajough ุงููู ุฑูุจ ุงูููุฏูู ูุทููุจ ุญูุง ุฃู ููุชุง ููููููููููููููููููู,AE
"ูุต ุณูู ุงููู ุนูุฏ ุงูุนุฌูู ุญุฑ ุทููู
ูุงููุต ุงููู ุนูุฏ ุงูุฌูููู ูุงุฒุงู ูู ุงูุญุจุณ

ูููู ูุงูุงูุฑ ูุงูุชุงุน ุนุจุฏ ุงููู ุงูุณููุณู",LY
ุจุฑุฌูููุฉ ูู ุงููุชุฑุฉ ูุฐู ุจุงูุฐุงุช ูุฒููุง ุงููู ูุงูููุง ูุฑุงุก #ูุจูู_ุงููุฑูู ู ูุจุนุจุตูู ุจุงููุงุญุฏ ุจุงููุงุญุฏ ููู๐๐,TN
ููุงู ุงูุชุจูุช ุงูู ูู ูุฎุฌู ุงูููุฏ ูุตูุฑ ููุนุจ ุจุดุนุฑ ูุญูุชู ูููุชู ุจููุง ๐,IQ
@SOkr4OE6u9Vn2ca @Alshizawi2002 ุฑุณู ุตูุฑุชู ุจุฎููู ููู ุจุฑุฌ ุงููู,OM
"ุจูุฑุง ุดู ููุงุฑ ุจุญูููู ูุง ุงูุฎุจุฑูุฉ
ุนู ูุงููู ุตุงุฑ ูุน ูุงูุญูู ุจุนูููุฉ
ูุตุฉ ูุดูุงุฑ ูุญุฏุง ุจูุนุฒ ุนููู 
#ุจูุฑุง_ุดู_ููุงุฑ ๐๐๐",LB
"ูุงุญุฏ ูุณุฃู ุฒูุฌุชู : ูู ูุช ุชุชุฒูุฌูู ุจุนุฏู ุ
ูุงูุช : ุงููู ุฃูุจุฑ ุนูููู ูุงูุฑุฌุงู 
ุชุชุฒูุฌูู ุซูุงุซ ูุงูุง ุญูุฉ !!
ูุญุงุณุฏูู ุนูู ูุงุญุฏ ูุงูุช ููุช ๐ณ
ูุญุฏ ูุงูู ุชุณุฃููุง
๐๐๐๐",SA
"ููุด ููุง ูุณุชุฎุฏู ุงููุตุนุฏ ุงูููุฑุจุงุฆู ( ุงูููุช). ููููู ุญุฏ ูุนูุง. ูุญุตู ุนููููุง ูุง ููู ูุง ุชุญุช ูุง ุนูู ููุญุฉ ุงูุฃุฑูุงูุ

ููุง ุญุฏ ูุทุงูุน ู ุงูุซุงูู ๐

ูุฃุญูุงูุง ูุทูุน ุงูุดุฎุต ุงููู ูุนู ุชุนุฑูู ๐

#ูููููู ๐ค",OM
ุจุถุญูุชู ุณููุชุตุฑ ุจุฅุฐู ุงููู https://t.co/EPI1HolUEz,SY
ุทูุน ุงูุทุงูู ุงูุณูุจูู ุงููู ุฌูุงู https://t.co/xG1GE7xH36,EG
"@layansu981 ุงูุดููุฏ ุฑุญูุฉ ุงููู ุนููู ุงุจู ุญุฑูุฉ ูุชุญ
ูุนูู ูุง ุฃูู ุงูุณูุทุฉ ููุง ุนุจุงุณ ุจูููุนูุง ุญุฏุง ููุงูู
ููุงุฑูุช ุชูุนููุง ุงููู ูุฌูุน ุงููุงุณ ููุฎุชุทู 2 ููููู ููุงุทู ุจุบุฒุฉ 
ูุจูุชููู ุนู ุงูููุงููุฉ ููู ูุง ุจููุงุฑุณูุง ุงูุง ุงุฐุง ูุจุถ ุซูููุง
ุฑุจูุง ูุตูุญ ุฃุญูุงููุง",PL
@Hana_AlOthman ุญุจูููุจุชู ๐๐๐ ูุชูููุฉ ุนููุฌ ูุงูุฏ ูุงููู,AE
@manowar_acdc ูููููููููู ุนุงุฏ ููู ุจุชุนุฌุจู ูุงูุง ุงููู ุฏุงูุฑุชูุง ูุณุญูู ุทุจุนุง ูุงุฒู ุงุทูุน ูููุง ุนูุฉ๐๐ https://t.co/O9itnKOTy3,LY
@naif313 ุงููู ูุจุงุฑู ููู ูุงุฑุจ โค๏ธ๐,QA
@m7mdona ููููู ูุงุฏุฑู ูู ููู ุชูุฑุง ุจุณ ูุงููู ูุจู ูุงุฎุฐ ููู ุงุฌุฑ ู ููููู ุงููู ููุชูุจ .. ูู ูุงู ูู ุญุงูู ูุงุณุฏ ุฎุงุฆู ูุงูุชู ูุนููู ูุฃุนุฏุงุฆูุง ุงูุญูู ููุถุญ ูู ูู ุงูุฎุงุฆู ูุงูุนููู ุงููู ุฏูุน ูคูฆู ูููุงุฑ ูุงููู ุฑุงุญ ุจุงูุฎุด ุญู ุชุฑุงูุจ ูุงููู ุฑูุจูู ูู ุจุฏู ุจููู ูุงูุงูุนู ููู ูุงุญุฏ ููุงูู ูููุฑู ุงูุญูุฏูู ๐ ูุง ุงูุณุฏูุง ููุง ุถุฑูุง,QA
ุตุงุญุจู ูุงุดูู ุงูุนุงู ูุดูู ุญุตู ุฏุนูุฉ ููุจุงุฑุงุฉ ุงูุจุงูุฑู ูุจูุฑูุณูุง ๐๐,LY
@zaid_arif_89 ุงุญุจู ุงูู ูุดุชุงููู ุญุจูุจู,IQ
@mbs2030w ุนูุง ุนูููุง ุนูููู ุนููุง ุงุณุชุญูููู ุจุงููู ุญุฏ ุณูุน ููู ุดุงู ุญุฏ ูู ุนููุง ุนูุง ุนู ุนููุง ูุชููุฒ ุจุงู ุนูู ๐๐,AE
ุงุฑูุญ ูุงุงุฑูุญ ุงุฑูุญ ูุงุงุฑูุญ ุงุฑูุญ ูุงุงุฑูุญ ุงุฑูุญ ูุงุงุฑูุญ ๐ด๐ด,IQ
@Elamrani1718 @eljaafar04 ููุจุฑ ุนููู ููููู ุงููู ูุณุงูุญ,MA
"#ุงูููุงู_ุงูุงุชุญุงุฏ_ุฏูุฑู_ุงุณูุง
ูุด ุตุงุฑ ุนูู ุงูุนูู ูุงูุฎุฏุงูู ุุ",SA
@eD7me @sweet3ndsalt ุงูุญู ุงููููุฒู ูู ูุฑุขูุง ุุูุงูุช ุชููุฑู ูุฐุง ุงูู ุณูุนุชู ๐,QA
@3assssy ุทุงุจ ุฃูุง ูุญูุช ุงููุงูููููุง ูู ุนุฑุจูุฉ ุฌุฏู ุฃูุงู ุงูุทูููุฉ... ุงูุช ุดูุชูุง ููู ุฏูุ ๐,EG
ุฌูููุฑ ุงููุตุฑ ุงููู ูุงูุฑูุงุถ ูุงููู ุนุฐุฑ ุจูุฑู ุงุญุถุฑูุง ูุฅู ุดุงุก ุงููู ูุญุณููุง ูู ูุจุงุฑุงุฉ ุงูุฐูุงุจ,SA
@AbdullahElshrif ุงูุถุบุท ูุงููู ูู ููุจู ูุงูุณูููู,KW
@nadasouhila2_d @35fhSL9Rimas ุงููุงุฏ ุงูุญูุงู ููุตุฏ ุจูู ุฃุตููู ุงููู ุงููุงุฏ ุดุฑุนููู ูุด ุงูููุตูุฏ ุนูู ุดุฎุตูุงุชูู,DZ
ุฅูู ุชูุฑุฑ ุชูุงู ุบุตุจ ุนูู ุนุดุงู ุนูุฏู ุฏูุงู ูุชุชุญุงูุฏ ุณูุฑุงู ุตุญูุฉ ุงูุตุจุญ ุจุฏุฑู... ููุฉ ูู ุงูุนุฐุงุจ๐,PL
"@bosha1994 ูุงุฎ ุงูุง ุดูุชู ูู ุงูุชููุฒููู ุนุฏูู ๐๐๐
ุฌุงุจูู ููู ููุช ุจุชุชููู ูุน ุงูุจูุดู https://t.co/EmBYH2skp9",SD
@kenzakenouz4 @SouihatKhaled @HafSihem ุฎุฑุฌู ูุงุฌุฑ ูู ูุงุชุด ู ูู ุฒุนู ู ุฑูู ุงูุชุฑููู ู ุงููุงุณ ุดุงุฏูููุงูู,DZ
@NadimKoteich ุฃุณุชุงุฐ ูุฏูู ููุช ุนู ุชุญูู ุนู ุงูุฑุฏ ูู ููููู !!!! ุฃู ูุงููููู ุฑุฏูุง ูุง ุชุนุชู ูู ุงูุฌูุงุนุฉ ูุง ุจุญุจู ูุฒุนููู,LB
@mhamadallouch ูุง ุจุนุฑูุ ุจุณ ุนู ูุจูู... ูุด ูุงูุตูุง ุฌุฏู ููุฌุน ุฑุงุณ ุจุงูุจูุฏ,LB
"@ahmedaabed202 ูุง ุงููุฑู ุจูู ุงูุฒูุงุฌ ูุงูููููููุงุ

ุงูุฒูุงุฌ .... ูุณูุฉ ููุตูุจ
ุงูููููููุง .... ูุณูุฉ ูุงูุดุจุฑุงููุดู",TN
@khotyar1 @WalidAlOmary ูุณุนุฏูู ุตุจุงุญูู ุงูุฃุญูู ูู ุงููุฑุฏ,LB
"ูุฐุง ุงูุฒูู ูุง ุนุงุฏ ุชุดุฑู ุนูู ุงููุงุณ ..
ููุง ุชุนุงุชุจ ูู ูุง ุดูุช ุฒูู ..
ูุซุฑ ุงูุชุดุฑู ูุงูุนุชุจ ููุฌุน ุงูุฑุงุณ ..
ูู ุฌุงุฒ ูู .. ุฌุฒ ูู,ููู ุดุงู ุฎูู ..

#ุญููุฉ_ูููุฏุฉ",BH
@kareeemsayed ููู ูุนู ุฑุฏุช ูุนู โ๏ธ๐ถ๐ฆโ๏ธ ููุงูููู ูุงูููู ูู ุทูุน ูู ุฏุงุฑูุง ูุงูููู,QA
#ุชุฑูุจ_ูุฑูุถ_ุงุณุชูุจุงู_ุชููู....ูููู ุจููููู ุดูููู ุนุงูุตูุฑุฉ ุดู ุจูุงูู ุนูุงู ุงูุนูุงูู ๐๐ ๐๐ https://t.co/lMqLbMi14q,QA
@ilham_kebadj ุฑุจู ูุญูุธูุง ูููุง ูุดููุฑููู ุนุงุฏู ุงุชูุชุนู ุจุนูู ุงูุฌุฒุงุฆุฑ ููุชุดุฑ ูู ูู ููุงู ูุฐุง ุงูุฌุงุฒ ๐๐๐๐,DZ
ููุฑู ุงูููุงู ูุน ุงูุงุบุฑุงุจ ุงูู ููุนุฑูููุงุด ุงุตูุง ุนุฌุจุชูู ุงูู ุฎุตูุตุง ู ุธู ูุณุงุฎู ุงููู ูุนุฑูููุง ูููุณ ๐ถ,EG
ูุญุฏ ูุฏูู ูุฌูุจูู ูุฏูุฉ ูููุฑุญูู๐๐ฝ๐๐ฝ๐ https://t.co/BnBxsRHksQ,SD
"ูุงุฎู ุณุงูุจุงููู ุงุณุญุจ ุจูููุง ูุงุฏุฎู ุจุงุฑูุฏูุณ
ุงุณุญุจ ูุงุจูุฌุง ูุงุฏุฎู ุงููุงุฑุฏู ูุงุชุฑู ููุณู ูุงุนุจ ุญุฑ ูุงููุงุฑุฏู ูุจููุฏูุชุง ููุงุฌููู ูุฎุฐ ูู ูุนุจ ูุงูุฏุงู ๐",AE
@Heptaaaaa @elham_kenany ููุงููุง ุฑุงุณ ุงูุจุฑ ุนูุดุงู ูููู ุนูุดุงู ููู ๐ช๐ช๐ช ูุชุทูุน ุฏูููุชู,EG
"ุตูุญุฉ ุดุงููุง ุฃูุซุฑ ูู 3,000,000 ุดุฎุต

โฆhttps://t.co/5fJSoBVQQVโฉ

ูุงุญุธ ุฃูู ูุงุญุฏ",SY
@Hania_Sharawi ูุง ุงูุฑุงุฌู ูุบูุทุด ูู ูุด ุงูุฒูุงูู ุฏููุง ุงูุชุงูู.  ูุจูู ููู ุงู ุจููุงูุณู.   ุจุฑุงููุฏุฒ   ุนูู ุงูุชุงูู,EG
"ูุง  ุญุฑุงู ูุง ูุฏุฑูุฏ ๐๐๐๐
ูุง ุฑุจ ุจุฑุดูููู ูุง ุฑุจ ูุง ุฑุจ  ๐",JO
#ุงูุซุฑ_ูููู_ูุฑุช_ุนููู_ุจ_ุงููุฏุฑุณู .. ุงุดุนูุฏุฌ ุชุถุญููู !ุ ุถุญูููุง ูุนุงุฌ :),QA
@2fm1_s ุงููู ูุทูู ุจ ุนูุฑูู ู ูุฏูููู ูู,MA
@k_wagih @puykxSDBDMTmhI8 ููู ุฏู ุงูู ูุจุฑูู,EG
@masoud_alaa ุชุฎุงููุด ุจุญุณุฏุด ๐ ุงููุงุฏุฉ ุณููุฉ ุน ููุฑุฉ ุจุณ ูุงููุง ูุงูุชุจ ุน ุงูููุญ ูุด ูุชุนูุฏูู ุน ููู,PL
ุฃูุซุฑ ูุงุญุฏ ูุณุชููุฏ ูู #ุงุฑุชูุงุน_ุงุณุนุงุฑ_ุงูุจุชุฑูู ูู ูุญูุฏ ุฎุงูุฏ ุ ูููู ูู ููุจู ุงุดูู ุจููุณููู !! ูุง ูู ูุงุณููู ูุง ุจูุนูุงุฑ #ุชูุช_ุนููู #ูุญูุฏ_ุฎุงูุฏ_ูููู_ุงูุฅูุงู_ุงูููุฏู,BH
"#ููุง_ูุบูุง_ูุจุฑุงูุฑ 
ุตุจูููููููููููููููููููููููููููููููุงุญ ุงููุฑุฏุงุช ุงููุงุฆุญุงุช ููุฌููุน",LY
@MOI_Qatar ู ุจุนุฏูู ุชูุญูุทูููู ุฃูุงูู ุงูุฑุงุฏุงุฑ ู ุชุนูููู ุนููุง ู ูู ููุณ ุงูููุช ุชูุญูุทูููู ุฑุงุฏุงุฑุงุช ุชุฏุณูููุง ุฌูุจ ุงูุฑุงุฏุงุฑ ุงูุซุงุจุช ! ู ููุนูู ุงูู ูุด ูุนูููู ุงูู ุณูุชู ูุถุน ุฑุงุฏุงุฑ ูู ูุงูููุทูู,QA
@AmrOfficial3 ุดุฑูุชูุง ู ุดุฑูุช ุชููุชุฑ ููู ุงูุฏููุง ๐ท,LY
ูุง ูุณูุช ูุงููุชูู ูุน ุงููฺุจูุณ. ุดูุฑุจุฉ ุถุจ ุณุญูู ุตุบูููุฑ. ุชุฑู ุชุฑุฌุน ุงูุดุงูุจ ููุฏ. ุงูุง ูุฌุฑุจูุง ๐คฃ https://t.co/QnvlhmFHvD,KW
"@Masrya_bas ููู ุฌููู ุนููู ูุนูู ูู ุฃุญุจุงุจู ูุงุฑุจ 
ููุณุงุก ุงูููุง ูุงูุณุนุฏ ุนูููู ูุง ุญุจุจุชู ๐ท",EG
"ุทุฑูู #ุฏุฑุจุงุช
#ุฎุฑูู_ุตูุงูู_2019 https://t.co/1x3VI3fdXw",OM
ูุฏูุช ููุจุฌ ููุงูุชูุง. ุชุณูููู ูุงูู ุงูุฐูู ูุงุฎุทูุฑุฑุฑุฑุฑู โค๏ธ๐น https://t.co/mgwZDxoq8g,BH
@sharkawy261 ุงููุฏุงุฏ   ููุนุจุด ูุฒูุงู ุชุบููุฑุงุช  ูุฏุฑุจ ูุงููุงุนุจูู ูุนูุฏูู ุชุงุญุงูุฒ,MA
"ุงููุจุงุฏุฑู ูุฑู ูุฑุชูู,ุจุนุฏ ูุฐุง ุงููุฌู ูู ุงููุฌู ุฃุจูุถ,ุญุชู ูู ุงูุดูู ููุงููู ุชุฃูุฏ ุงูู ูุณุชุญูู ุฃุฎุทู ููู ุฎุทูู.",YE
@AbdElmomenn ูุด ุฏุง ุงููู ุจููููุด ูุงูุง ูุฎุฑุจูุชู ูุงุชูุฏููุง ูู ุฏุงููุฉ ๐,EG
"ูุจุฑุงูุฑ ุงุจุฏุงู
 ููุง ุดูู ูุฐุง 28 ููู ูุฏุงุฑ ููู",LY
@Juli_Ree ูููููู ูุนูู ูุจูู ุชุจุฑูู ุทูุนุช ูุนุงูุง ูุงูุญูุฑูู ๐,LY
"ุงูุชุงูู ูุงูู ูุณุชูููู ููุงู ูุนุงุดู ูุฐุง ูุนูุงู ูุนุงุดู ูุฐุง
ูุฐูู ุฑูุงููู ุงุนุฑููุง ุงููุชู ูู ููู ุชุคูู ุญุงุณุจู ุงูุญูููู ุงูู ุนุทุชูู ูู ุบูุฑ ูุฌู ุญู ุดูู ุงูุฃุดุฎุงุต",KW
@saralola12 @Mina_Atta_ ุฑุงูู ูุชุฎูู ููู ููุงุฏู ๐๐๐ุฑุงุญ ูููุช ูู ุถุญู ๐๐๐ูุงุชุฏุฑู ูุง ุฎุชู ๐๐๐๐๐๐๐,DZ
ุนูุถ ุงููู ูููููุง ุดุฑู https://t.co/cey4sQTRvQ,TN
"ุจุนุฏ ุชูุนูู ู ุชุฏูููุ ูุจุฏู ุฃูู ูููุฑ ุจู ุตุงูุญุฉ ุงูุจุงุฑุญ ุนูู ุจูููุฌูู ุนุงููุฒููุช.
#ููุงูุฉ_ุณุฑูุนุฉ_ููุจูู_ุงูุฌุฏูุฏ",TN
"ูุญุธุฉ ูุญุธุฉ.. 
ููุชู ููู ุชูุชุญ ุชุญูููุ! ุจูููููุฑ ูุงููู 
ุจุฏุงู ูุง ุชููุฑ ููู ุจุฏู ุชุนููุถ ุงูุฃููุงูู ูุฑุงุญุช ุจููุชุง ู ุณูุงุฑุงุชูุงุุุุุ 
ู ุชุซุจูุช ุฃูุฑุงุฏ ุงูุฏูุงุน ุงููุฏูู ุจุงูุฏููุฉุุุ https://t.co/KaThO12KNJ",LB
"ูุฑุงูุฑ ูุง .....

ุงุญุณู ุดู ุตุงุฏู ููู ููุฏุช ุงูุฐุงูุฑุฉ ูู ูุงุณ ุงูุนุงูู",BH
@mariamjbbl ูุฐููุง ููุงุด ุฎุงููุฉ ุงูุง ุงูู ูุณุชุบูู ุงููุถุน ู ุชุถูุน ูู ูุฏููุง ุงูุจูุงุฏ ุฑุจู ูุดูููุง ุจุฑุญูุชู ู ูุจูู ุณุชุฑู ุนูู ุชููุณ,TN
@EnassKarimeh ููุด ููุง ุนูู ุฑุฆูุณ ุญูููู ูุงู ูุถูุน ููุชุงุญ ุงูุฌุงุฑูุฑ ๐๐๐,LB
"#ุงูุทูุงู_ุงุตุนุจ_ููุฑุฌู_ุงู_ุงููุฑุงู

ูู ุตุนุจ ุนูู ุงูุฑุฌู ููุง ุนูู ุงููุฑุฃู ุตุนุจ ุนูู ุงูุฃุทูุงู ูุฏูุฑูู ููุณูุงู ููุดุชุชูู ููููู ุงุฐุง ูุงุญุงููุช ุงูุงู ุชุจุนุฏูู ุนู ูุดุงูููุง ูู ูุงุจููู ููุงุชุจูู ููู ุงู ุญุฒู ููุฑู ูุญูุฏ ุฑุญ ูุถูุนูู ูุตูุญู ููู ุงู ูุงุจ ูุงุชุฎููู ุงูุนูุงู ูุชุญูููู ุบูุท ูุงููู ุฐูุจ ููู ูุงุชุตูุฑูู ุงูุชู ูุงูุฒูู ุนูููู๐ช๐",SA
"ูุง ุดุงุก ุงููู ูููุตุฑู ุทูุจ ุนูู ุงูุฎูุงุฒูุฑ ุงูุญูุฑ ๐ค

 #ุชุดููุณู_ูุงูุดุณุชุฑ_ููููุงูุชุฏู https://t.co/p8JEa8XceL",SA
ุจุชุณุชุงูู ูู ุฏุจู ุจููุนูุง ุงูุตุฑุงุญุฉ https://t.co/FUP0muT4jK,LB
@DrEshki ุงูุณุนูุฏูุฉ ุบูุฑ ูุดููุง ุจุญุงููู ุจุณ,LY
@Adam75897845 @AlsaeedFajer ูุจู ุงุญุชูุงููู ูููุชูู ุนุฑุงููู . ุดูู ุฑุงููู ูุง ูููุชููู ุ,KW
@wojim_it ุจุณ ุงุนูุงูุงุช ูุงู ุงูุงุบููู ุงูุฑุณููุฉ ูุฒูุช ุจุณ ูู ููุงููู ุนูู ุทุงูู ุจุงููุชุงู ุนูู ุงููุณุฑุญ ูููู ูุดุงุฑูู ูู ุงูุฎุชุงู ูุซูุง,PL
"@Anaselnady ูุง ูู ูุงู ูู ูุงุชุด ุจุชุงุน ุชููุณ ูุงู ูู ุฌูููู ูุด ูุญุณูุจูู ุงูุญูู ุงุจู ููุจ ููุชูุง ๐ 
ููุญูุธุฉ ุงูุง ุชููุณูุฉ ๐๐๐",TN
"ุนุจุฏุงููุงุฏู ุงุจู ุฏูุฉ
ูุงู ุฃูู ุงูุงูุงู ูุน ุฎุงูุฏ ุจู ุนูุฑู
ูู ูู ููุงู ูุฑูุญ ูู
ู ุงูุญูู ูุน ูุงูู ู ููุฑ
ู ุณุงุญุจ ุนูู ุฎุงูุฏ
ู ูููู ุงุดููู ูุนุงู

ูุง ุงูุตุฏ ุซูุงุฆูุฉ
ู ููู ูุฐุง ุงููุงูุน #ููุซูู28",SA
@eedah189 ุฑูุนู  ูุจุฏุน ูุง ุงุจู ุณุงูู๐,SA
ูุง ุฌูุงุนู ุญุฏ ูุงุฎุฏูู ูุบุฑุฏููู ูู ุงูุบุฑุฏูู ุงู ููุทุฑุญูู ูู ูุทุฑูุญุ ุงู ุญุชู ูุณุญููู ูู ุงูุณุงุญู ๐,PL
ุงุญูุง ุจุณ ูุชุฌูุฒ ุจุงูุงูู ุจุนุฏูู ุจูุชูู ุงูุด ูููู ูุนูู ๐ https://t.co/FG79NzfYQi,PL
ุงูุฒูุงูู ูููุฏู ุนูู ูุตุทูู ูุญูุฏ !!,EG
ุญุท ุงูุนููู ูููุง ูู ูุฎุจุงู ๐๐๐๐ https://t.co/fjGuIATLKX,QA
ุนุงููุงุถู ูุง ุนู ุงููุงุณ https://t.co/Fz6tHcAHbL,PL
ุชุญุฐูุฑุงุช ูู ุฎุทูุฑุฉ ูุฎุทูุท  https://t.co/sNsnmGx6dj,LB
"@r11_a11 @Scientistmarie ุญุณุจู ุงููู ุนูู ุงููุฌุชูุน ุงูู ุฌุนููู ูุฐุง !! โน๏ธ
ูุฑูุช ุฑุฏูุง ุงูุซุงูู ๐",SA
"ุงูู ูุฑู ููู ุณููู ุงุดูู ุฏูุฉ ุงููุตุฑ ูููุง ูู ุงูุนูุงุตุฑ. ุชูุฏุฑ ุชุบูุฑ ุงููุจุงุฑุงู 
ูุงููุง ุนุฐุฑ  https://t.co/2zpA19ZBNQ",AE
@D26695891 ููุงูู ููููููู ุงูุจุดุฑ ุงููู ูุซููุง ุงูุจูุงูู ุงููู ูุซูู ูุงุชููู ูุบุฉ ุงูุจุดุฑ,QA
@YosraSaouf ูุณุฑู ุงูุง ุงุณูุงุนูู ูู ููุจูุง ุงูุญุจู ุจุงูุฒุงู ุงูุชู ู ุจุฑูุงุณ ู ุงุชููู ููู ูู ุงูุงูุงู ุงุดููู ู ุงุชููู ุงุณูุน ููู ุงุบููุฉ ุฐูุฑู ููู ููู ู ููู ุนููู,LY
@hagersafi ุจุนูุฏ ูู ุงูุจูุฑุจูู ูููุง ุดูู ุงููุงุณ ูููุง ุทูุนุช ูู ุงููููุง ุฎุงููู ุฏู ูู ุนุถุช ุจูู ุขุฏู ุจุชูุณูู ูุตููู ุนูุฏูุง ุฃููู ูู,SD
"ุฃูุง ุฃูุซุฑ ูุงุญุฏ ูููู ูุชุฌุงูู ูุฃูุซุฑ ูุงุญุฏ ุฏููู,ูููุง ูุถูุญุช ุงูู ูู ููุงุญุธ ุชุฑุงูู ูุงูู ุจุณ ุฃุชุฌุงูู ูุฑุงุญุฉ ุจุงููู ูุฃุชุบุงุถู ูุงุงูุซุฑ ๐๐.",YE
"ุงูุณูุณู ูุงุฏุง ุชุญูู ูุงูููู ๐
#ุดูุงุฏุฉ_ุงูุงู",PL
@nehadtorke3 @6eLwztVZLZfj0UL ูุน ุงูุงุณู ุงูุงุบูุจ ุจุงุน ููุณุฉ ูุจูุฏู ูุดุนุจุฉ ูููุฑุณ ูููุงูุฑููุงู.ููู ุงูู ุงูุบูุฑุฉ ููุฌูุฏูู,IQ
@ayaramoss ุฎูุต ุฎูููุง ูููุฑุฉ ุงูุชุงูู ูุงูู,PL
ูู ููู ุงูุง ููููู ุงูุณุงู ูุนูุด ุจุญุฑูุฉ,SY
"@Jouzefff @thameralshaatry @abdula_alshatri 

ูุงูุฑุญุจุง ูุงุจููููุฏ ุงุทูู ุตุจุงุญ ูุงูุญููุงู ๐ธ",KW
"ููููู ุชูุซููู 

ูุง ุชุฎุณุฑ ุงูุดุฎุต ุฅููู ูุชุญูู ุฒุนููุ ูุชุญูู ููุณูุชูุ ูุชุญูู ูููู ุบูุทุงู ุจุณ ุนุดุงู ูุงูุฎุณุฑูุ ูุฃู ุงูุญูุงุฉ ูุงุฑุงุญ ุชูุฑุฑู ูู ูุซูุฑ",AE
@Bonij_45 ุญุงูู ุงุทูุฑ ุดููู ูุงุฎ ๐๐๐๐๐๐,SD
ููุชุธุฑ ูุฑุงุฑ ุงูุงุชุญุงุฏ ุงูุงุฑุฏูู ุจุงูุตุงู ุงูููุตูู ูุงุญุชุณุงุจ 3 ููุงุท ูู ุนูู ูุฑูู ุงุจุงุตุงูุฉ ูุงูุฏูุฑู ููู ููุงุฌุฃุช ูุงููุญุฏุงุช ูู... https://t.co/80XPT2ZhQu,JO
#ูููู_ูุณุชูุฒู ููู ุงูุช ุจูุง ูุตุบุฑู ..,LY
@bo_fisel_22 ูุนูู ุงููุณู ูุฌุจูุณ ุงูุฏูุงู ูุงูุนุฏุงูู ๐คฃ,KW
"@jamal_arif1 ุงุฒุนุฌูุง ุจุงูุทูุณ ูุงูุฑุทูุจุฉ 
ูุชู ูุชุนุฉ ุงููุจุงุฑุงุฉ",JO
"@Lana96206068  ูููููู ๐๐ ุฎูุต ุฃูุนุงูู ุชููุฑู ุฃุตูุง๐
ูุงุงููู ูู ูุง ุงุชุฒูุฑ ุงูู ุนููุชู ุจุงูู ูุฑุฉ ููุง ูุจุณุช ูุนุจ ๐๐ุฎููุชูุง ุชูุฑู ุงููุนุจ ููููู๐๐",PL
@salwa_z ุฃุฌุงุฒุฉ ูุฏุชูุง ุฃุฑุจุน ุดููุฑ ูุฃุฐุง ุฑุฌุนูุง ุชุฌูููููู ูุงูุญุถุฑูู ุงูุฌูุณุงุช ููุนุธูู ูุชุบูุจูู ููุญุฏ ูุญุงุณุจูู,BH
@mosaa3ad  ูุญููููู ุงุจุฏ ูุง ุงุญุจ ุงูุถุฑุจ ูููููููู,AE
ูุฃูุง ุจุงุณูุน ุงูุฑุงุฏูู ุจุงุนุฑู ูู ูุดุฑุงุช ุงูุฃุฎุจุงุฑ ูุงูุจุฑุงูุฌ ููุง ุนุงูุฒูู ูููููุง ุฅูู ูููุงุณ ...,EG
@Mr_AlShahwani ูู ุทุงุฑู ุณูุงุงู ุงุจุฑู ๐ฉโ,QA
ุณุจุญุงู ุงููู ูุงูุญูุฏ ููู ููุงุงูู ุงูุง ุงููู ูุงููู ุงูุจุฑ,DZ
@UAbdulziz @hashtag_oman ุนุดุงู ุงููุฌุฑ ุชููู ุฌุงูุฒุฉ,OM
@tottilibya ุชูุง ุจุนุฏ ุบูุฑุช ุฑุงูู ู ูุชุจุช ุงุฌุงุจุฉ ุซุงููุฉ ุชุณุฃู ููุง ููุด ููููููููู ุงุตูุง ูุง ูู ุญู ุงูุง ุงููููู ุชูุง ูุดููู ู ูุฑุฏ ุนููู (:,LY
ูกูกูููุงุฑ ูุณุงุนุฏุงุช ุฎุงุฑุฌูู ุจุณููุุณูุงุณู ุฎุงุฑุฌูู ูุงููููุช ูุฑููู ูููู ุชุฎูููุง ูุนุงู ูู ูู ูุญุงูุธู ุงูุตุฑู ุนูููุง ูููุงุฑ ููุต ูุชุฌููููุง ูุฒุฑุงุนุชูุง ูุถุจุท ููุดุขุชูุง,KW
#ุดูุฑุง_ูููุณุงู ุญุงูู ุงูุดุนุจ https://t.co/CEbW2wm7Xk,PL
"#ุชุงุฎุฐูู ุงูุนุฒู ุฅูู ุฃุจุนุฏ ูุฏู 
ุญุชู ุงููู ุฃุญุจู ุนุงุฏู ููุง ุฃุญุจูู!๐",QA
ููุณู ุงุนุฑู ุดุนูุฑ ุงูุฏูุชูุฑ ุงูู ุดุนุจุชู ุจุชุณูุฑ ุจุซูุงูู!ุ ๐ ูุดุนูุฑ ุงูุฏูุชูุฑ ุงูู ุดุนุจุชู ุจุชูุด ุฐุจุงู ๐๐๐๐,JO
"ุจุณุชุบุฑุจ ุงููุงุณ ุฅูู ุชูููู ูุง ุงูุช ูููู ุชุจูู ููููููุฑู ู ูุด ูุจุณูุทู!..
ูุด ูุจูู ูุจุณูุทู ููู ูุง ุฅุจู ุงููุฆูุจุฉ ูุง ูุฆูุจ",EG
@bint__althani ูุง ุชุถุงูููู ููุณู ูุงูุฌูุฑู ุงู ุดุงุก ุงููู ุงุฒูู ูุจุชุนุฏู ุนูู ุฎูุฑ,QA
@abir_zgheib ูุง ุชุชุนุจู ุญุงูู ูุชูุญูู ุญุฏุง... ูุงุถุญุฉ ุงููุชูุฌุฉ ๐,LB
@__Pearl1 @Calcio_223 @SultanAli_2 ุฎุฑูุจูู ูู ุงููุญูุฏ ุงููู ูุงูู ูุจุชุณู ู ูุงูู ููุณ ูุชุตูุฑ,SY
@UBxhxbx2 ุฃูู ุฃุญุณู ุฃูุชู ุฎุงุจุฑุฉ ุงูุญุณุจู ุฃููู ุทูุฑุชู ูุฎู ูููุง ุฃูุง ูุทูุฑู ูุงูุณู ุญูู ููููููู๐๐๐๐๐๐๐๐๐๐๐๐,KW
I added a video to a @YouTube playlist https://t.co/SQsX9qjshh ุทุฑููุฉ ุงูุดุงุก ูุณุชุฎุฏููู ูุตูุงุญูุงุช,SD
@Rawanalnahi ุฎููุง ุณูุชู ูุงุจุชู ูุงูุทูุนู ุงูููุฏููุงุช ูุชููุงุต ุงููุฑูู ุงูุซุฑ,IQ
@samaaliimen ููููููููููููููู ูุงููุด ุนูุงูุฉ ูุฐุฑุฉ ุจุชุชู ูุงุญุฑุงู ูุณุฑุชู ุฎุงุทุฑู,DZ
@el7bklh @bntbudhabi @_mwa10 ุณูุฏุฑูุง ูุงูุช ุงูุงูุงุฑุงุช ููููููููู,QA
@alimubarak27 ุตุญ ูุณุงูู ูุง ุงูุดุงุนุฑ ๐๐ผ,AE
ุฑุจูุง ูุญููู ูู ููุงู .. https://t.co/vdhfoW3KtL,EG
ุงุณุนุฏ ููุณู ุจููุณู ..ูุงูู ูุง ุญุฏ ุจูุตูุนูู ุงูุณุนุงุฏุฉ ุงุฐุง ูุง ูุงูุช ูู ุฌูุงุงุงุงู โโจ,JO
@MARY_SD117 ูุงู ุจุฏู ูุณูููุง ุนูููุฉ ู ูุฑุชู ูุด ูุจูุงูุฉ,LB
@SBM_M21 ูุง ุฃุจู ุงููุงุณ ุงูุณุญ ุนูุจ ุงุชุฑู ุงูุจูุช ูู ุญุงููุง ุงููู ูุงูุจูุงูุง ููุจูุงู ูุชุฑูุน ุนู ูุงูุฃุดูุงู ุงูู ูุงุชูุซู ุงูุง ููุณูุง,QA
ุงูู ูุจุฑูู ูุง ุจุทู ุงููุฑูุฒ ุงูุซุงูู ุจูุฑุงุซูู ุงูุจุญุฑูู ููุง ูุตุฑุช ๐๐ช๐ผ๐๐ @Andullahaltuk https://t.co/fx8IVVOSOJ,SA
@mohameddolah ุนุดุงู ุจุณ ุงููุงุณ ุชุนุฑู ูุฏ ุงูู ุงููุตุฑููู ููุงุฏ ุงูุจูุฏ ุฃูุฃุตูููู ุจุนูุฏ ุนู ุฃูุฃุชุฌุงูุงุช ูุฃูุฃููุงุฑ ุงููู ููุช ุนูููุง ุบูุฑุช ููููุง ูุชูุงููุฏูุง ูุนุงุฏุงุชูุง .. ูุฏ ุงูู ุงููุตุฑููู ุฏูู ุฌููุงู ููููู ุงูุฎูุฑ ุจุฌุฏ .. ุชุญูุงุชู ุน ุงููุดุงุนุฑ ุงูุฌูููุฉ ุฏู ููู ู ุดุงุฑู ุญุชู ุจูููุฉ ุญููุฉ .. ูุนูุง ูุตุฑ ุงู ุงูุฏููุง ูููุง ุฎูุฑ ..,EG
@altawfiq @zsa1122 @Salmankhh ุงููุงูุฏูู ุนูุฏูู ุจุทุงูุฉ ุจุชุฑูู ูู ุฌูุฉ ุนูููู ูุงูุดุนุจ ูุชุถุฑุฑ,OM
ููุดู ุฎุงุฑุฌ ุญุฏูุฏ ุงูููุงููู ูุงูููุงูู ูุงูุงุชููุช ููุชุน ุญุชู ูุงู ูุงู ุดูุฆ ุนุงุฏู ุฌุฏุง ูุซู ุดุฎุจุทู ุนูู ุงูุฌุฏุฑุงู ..ูุงุฑูุช ุงุนุฑู ุงุฑุณู ุงูุซุฑ https://t.co/T0rmP5ahJm,BH
"๐ถ ุณูู ูููุฑุช ููููู ุนูู ุจุงุจ"" ุงูููุฑุงู"" ุณููู

ูุณูู ุฑุงุญุช ูุงููุง ุฃุฏูุฑ ุจูุนุฏ ุฑูุญูุชู ุฌูููู๐",JO
"@UAE1VIPAHMED @TamimBinHamad ูุญุดูู ูุญุดูู ูุญุดูู 
ุงุทูุน ูููุง ุงูุช 
ูุฐุง ุญู ุตุงุญุจู ุงููุฒุฑูุนู ุงูู ูุบูุท ุนูููุง ูุงูุชูุง ุณุงูุชูู.
ูุง ุนูุฏูุง ุดููุฎ ูุฃูุฑุงุก ูุบูู ูู ูู ุงูุฎููุฌ
ุงุณุชุญ ูุงุฑูุฏ",KW
@A0500A50 @Yalmisehal ุงูุชุจู ุชุฑุงู ุญุณุงุณ ูุฒุนูู https://t.co/kQ8u9SofoM,SA
@Shwikhattt ูุด ูู ุงูุชููุฒููู ุทูุนุช ุฎูู ูุงุชุญูุง ูู ุงูุงุจุชูุจ ููุนูู ุงูุตูุช,LY
@aalsubaie___ @Ahmedhalyami90 ุฎูููู ูุงูุฏููุน ูุฑู ุฒูู ุนุดุฑู ุฒูุช ุ ูุฐูู ุจุงููู ูุงูุญูุธู ููุนุงู ุงูุดูุจู ุดูุงูุฏุฑ,QA
ูุงูุซุฑ ุงููู ุฏุงููู ( ูุฑู ) ูุงูุฃูุงู ููุฑุดุญูู ููุณูู !!,KW
ูุงูุฒ ูุณูู ุฎูููุง ูุณุชุญููู ูุฌูุนุชูู ูุงูุฒ ูุณูู ููุนุฏ ุณูุนุชู ูุธููุฉ ููุงูุฒ ูุซุงูู  ูููุดูุชู ุชุตุฑูุงุช ุณูุฆุฉ ูู ุจุนุถ ูุนุฏููุง ุฃูู ุญุงุฌุฉ ูุตูุญุฉ ูุณูู #StaracArabia,TN
@majedkhalaf1 ููุจููุง ูุงููุง ูุชุณุฌููู ูุงุฑูุงู ูู ูุนูููุงุชุ,KW
@1dgVpD1uoA8JEFc ุฏุงูุนู ูู ููุฑ  ูุงูู ูููู ุฎูุงุต ููุดู ุนูู ููููุง  ุจุนุฑู ููุด ุฎุงูู ููููู,KW
"ุจุนุฏ 20 ููู ุฏุฑุงุณุฉ ...
ุงูุชุญุงู #ุงููุงุฑูุงููููุฌู .. 
#ุนูู_ุงูุงุฏููุฉ .. 
ุงูุณุงุนุฉ 9 ุงูุตุจุญ .. 
ุฏุนูุงุชูู ู ุฑูุงู ุงูููุณ ุจูู .. ^_^ http://t.co/dU8fWjyVBt",LY
@Eng_Chelsea_FC @khaled_hadyan @alkhames @saeedal13865280 ุงุฎูู ูุงูุตุญ ูุงูููุงู ุชุฑู ุงููู ุนุงุฑู ุดูู ุงููู ุตุงูุฑ ูุงุญูุง ุฏููู ููุง ุณูุงุฏู ุดูู ููุนุจูู ุนูููุง ุงูุฃุนุฏุงุก ููุงุณู ุงูู ุงูุงุฎ ุทุนู ุงุฎูู ูุณูุน ููุงู ุงูุนุฏูุงู,QA
ูู ๏บุฌููู ๏บู ุชูุชููู ุนููููู. .ุ ๏ฎจุขูุณุงู ูุณู ุงฬ๏ปุฌููุน โฅ,QA
"@OifQImIxtdJ1fI1 
ุฌู ุนูู ุฏูุงุบูุง ุงููุง ูุน ุงูุงุจุฑุงุดู",EG
@RM4Arab ูุชู ุจููุนุจ ุธููุฑ ุฑูุงู ุณููุณุฏุงุฏ  ููุงู ูุงุฑุณููู,AE
@hilmisaleem1 ูุฃ ูู ูุงุฒู ูุฒูุฑ ุงููู,PL
"@X_USIN ุญูุง ุฏููุฉ ูุชููุฉ ูุง ุนูุฏูุงุด ุฑุฆูุณ ๐ญ๐ญ๐ญ๐ญ
ูุงุนุจููุง ุงุบูุจูู ุงูุชุงู
ูุญุฑุฒ ุจุงุจุงู 
ุจู ูุฌุงุญ ู ูุจููุญู ููุงูู 
๐ซ๐ซ๐ซ๐ซ๐ซ๐ซ
ูุง ุฑุจู ููู ูุนุงูุง",DZ
ุงููููู ุนูู ุณุงููุฑุณ ูุงุฒู ุจุชููู ... https://t.co/ltXRRxTCNE,SD
@ibrahim_wer @bentajoura ุงูุช ุนูู ุทูู ู ุงูุจุงู ูุง ูุฑูุฑ ูููููููู,LY
"@EajElie @mahersharafeddi ู ุจูุฑุฌุน ุจูุชุฎุจู ุจ""ุงูุณูุงูุงุช """,LB
@saham611 ููู ูุฐุง ุนุดุงู ุชุตูุฑ ุงููู ูุชุจุชู ูุน ุงูุฌู ุนูู ุงูุณูุงุจ ูุดููููู ูุงุจูุงุช ๐๐ค,SA
@khalid0marr @maha_samiA @matnoo5ksa ุงููู ูุงุฎุฐูู ููุงุฎุฐ ููููุชูู ูุนุงูู ูู ุญุฑููู ูุงุฑุจ .. ุงูุง ุจูุช ุงููู ูุงููุฏููู ูุงูู ูุงุชุดุฑููููุง,QA
ุญุชู ุญุณู ุจุณ ูุจู ููุทู ุนุฑุงุงุงุงุงู,OM
ุฑุจู ุฅุบูุฑ ููู ู ููุงูุฏูู ุฑุจู ุฃุฑุญููููุง ููุง ุฑุจูุงูู ุตุบูุฑุง,QA
@ialshamik ูุตูุชูู ูุงุฑุณูุชูุง330330 ุตุงุฑุช ุชุฌููู ุนูู ุงูุฑูู ุงูุซุงูู,YE
@ChuvzRhPzjqvCdO ุงูุญูุฏ ุนุงูู ูููุจูู ุงูุชูุง ูุงูุง ุญูุง ุจุฎูุฑ ูุฏูุฑุฉ ุงูุนุฒ ูู ุฎูุฑ . ุงููุทุฑูุฉ ูุงุณุนุฏูู ุชูุฏุฑ ุชุนูุดู ุงูุช ูุนุดุฑุฉ ูู ุงูุซุงูู ูุงู ูุฌูุจ ุฑุฌุงู ุณุนูุฏู ูุงุญุฏ ููุฏููุง ูุงูุฑุงู ๐๐๐ ุงููู ุญุฑุฑูุง ุงูููู ูุจู ูุงุงุฎูุงู ุงูุฑุงู ุฒู ูุงูุงููุง ุฌุจูุฑูู๐๐๐ท๐ท,QA
"#ุงุณุงู_ุจุฑูุงุช
ุงููุงุณ ุงููู ุน ุงูุชุฑููุฏ ุนูู ุฌูุจ ูุฏุง ุนุดุงู #ูุญูุฏ_ุจุฑูุงุช ุฌุงู ุณุฑูุน 8๏ธโฃ๐ https://t.co/SVBifSqT2O",EG
@tarekaboujaoude @YaraLb_Lovers ุงุฐุง ุญุท ุงุณูู ุนูู ุงูููุงู ูุนูุงูุง ุงูู ุชุณุชุฃูู ููุชุจ ุนูู ูุงููุฏ ูุง ุจูุนูููุง ูููุชุจ ุนู #ุทููู_ุงุจู_ุฌูุฏุฉ_ุจุฑููู_ุฎุฑุง,LB
@ShurouqM ุงูุง ุดูุช ุงูุฏุงู ูุฃูู ูุชูุงุถุน,KW
ูุนููุดุชูู ูุจููุฌูุณุฉ ู ูข ูุงุจููุดูููุง ู ูุงุญุฏ ููุดููููู,LB
@am_ab9 @rbinhussain @Abdulmajeed6531 ูุทุฑ ุณูุช ุงููู ูุงุณูุชู ุจูุงุฏุฌ ุญุฏุฌ ุชุจูุจุนูู ูู ุชููุชุฑ ูุง ูุฌ ุญู ููุง ูููุฉ ูุณููุนุฉ ูู ูููู ุดูู ุงููุตุงูุง ูุณูุงูุฉ ุงูุณูุงุฑุฉ ..ุงูุญุตุงุฑ ูุงู ูุฑุตุฉ ุชุทูุนูู ุญูุฏูู..,QA
"@yoyobaloch1993 @Inter_Tweets ูุงุชุดูู ูู
ุฑุงุญ ูููุฒ ููุญุณููุง ูู ุงูุดูุท ุงูุงูู
ุงู ุดุงุก ุงููู",KW
"@HDOSARI @7assnov @AhlamAlShamsi ูููููู ุงููุนูู ูุนูู ุงุนุชูุงู ุจุณุจุฉ ุฏูู๐
ุชูุงู ูุงููู ุฑุงุญ ุงูุญุฌ ุจุนุฏ ุนููู ูุฑุถ ๐
ูุจุนุถ ูุจุงูู ุงู ูุฑู ูููู ุนูููู ุณูููุงุช ูู ุงูุจูุงูู ๐
ุงููู ุนู ุงูุชููุณู  ููุง ุชูุงูุด ุจูุงูุดู ุจุงูุฐุงุช ูุงู ููู ูุงูุฏ ุงูุซูู ููุง ุงุชุนุจ ุนูุฑู ุฒูุฏ ูุนุท ุนูุฑู ุงูุนุงุงุงุงุงุงุงููู๐๐ป๐",AE
@kuwarimud @8O7VymQHB87ET1t ุจุงุฌุฑ ุจูุฑุฌุน ููุงุจุญ ูู ุชููุชุฑ ุนูู ุฏูู ุงูุฎููุฌ,AE
@i7mooha ุงู ูุงููู ูุง ูู ุทูุนูุง ุฑุนุจ ๐๐๐,AE
ุงูุงูุงุช ุงูุตูู ูุงูุช ุชุจู ุชุทูุน ูู ุงูุญูุด ูุงูุช ูุฑูุจ ุชูุตู ููุจุงุจ ุชุทูุน ุฑุงูู ุชุฌูู ุนุฒูุฒ ุงููุงููู ๐๐ุทูู ุงุชููู ูุญูุด ูุชุจุฏุง ูููุง๐ข๐ข๐ข๐ #ุทูููู_ููุจูู,LY
@Hilanaak ูุงู ูุงุญููุชุด ุชุฎุด ูู ุฏุจุฑุดู ููุงู ุญููุช ุชุฎุด hyperemesis gravid arum ููุงู ุฌุงุจุช ุชุฎุด ูู ุฏุจุฑุดู ุดู ุชุจู ุจุงูุฒุจุท ๐๐๐,LY
ููุง ุชููุชุฑ ูุฌุฑุฏ ุชุจุงุฏู ุงููุงุฑ ูุง ุงูุซุฑ ุงุฑุฎู ุฑูุญู ูุจุณุท ุงูููุงุถูุน ูุนุงู ุงูุญู ูู ุญุงุฌุงุช ูููุฑู ููู ุชุฎูู ุฑูุญู ูู ุณุฑูุน ู ูุงุญุฏ ูุท ุนููู ุงูุณูุงุฑู ุญุชุฏุฑู ุงููููู ู ุจุนุฏูุง ุชุฎุทู ุนููู ูุชูุฏู ุณุฑุนุชู ุจุนุฏูุง ุชููุชูุง ุญุชู ููุง ูู ุณุฑุนุชู ูููุชู.,LY
@fatama0101013 ูุจุฑูู ูุง ุญุถุฑุฉ ุงููุฏูุฑู,EG
ุฒููุฉ ูุฑูุฒ ุงูุดุฑุทุฉ ูู ุงูููุงูุฉ https://t.co/U3QrFMUVwm,LY
@ManarSarhan ุงูุซุฑ ุดู ููุฑูุฒูู ุงู ุงููุฑูู ุญุชู ูู ูุงู ูุงูุฒ 3/0 ุงููุงุนูุจู ูุงูุช ุจุชูุฌู ุนูู ููุณูุง ูุจุชูุนุจ ุจูู ููุชูุง ุนุดุงู ุณูุงุฏุชู ูุณุฌู ูุงุชุฑูู ูุณูุจุฑ ูุงุชุฑู ุนุดุงู ูุญูู ุงุฑูุงู ูุจูุฑุฉ ูุญูู ุจููุง ุฌูุงุฆุฒ ูุฑุฏูุฉ ููู ููุงุฑูุช ุจุนุฏ ุฏู ููู ููุน ููู ุงูุฎุงูู ุงูุบุดุงุด๐,LY
"ุญูุงูู ุจุญุณุงุจู ุจุงูุงูุณุชุง ูุงูุณูุงุจ.  moooni_766
#ูุณุงุก_ุงูุฎูุฑ",AE
@Khalifabuhamad @Haithmalhamadi ุฃูุญูู ุงูุชู ุฒุนูุงู ุน ุงูุตูุฑู ููุง ูุฑุญุงู ุฎุณุฑุช ุจุณ ูค..,OM
@baderotaby ูุงูุงูุงู ูุจุณูุท ุงูุนูุฏ ููููู,KW
"@HKhalifhe ุจูุงูุนูุฏ ุฑุฌุนูุง ูุญูู ููู ูุณูู ูููู ูุณูุญู
ุฑุฌุนูุง ูุฎุงู ูุตุฑู ูุนุงุดูุง ูุด ุนุงุฑููู ุงุฐุง ููุดุชุบู ุจูุฑุง ุงู ูุฃ
 ุจุทุงูุฉ 40ูช
4000 ุดุฑูุฉ ุงููุณุช
ุงูู ุดู ุซูุฑุฉ 17 ุชุดุฑููโ๐ป",LB
@MaguyBouGhosn @news_ger_chekel ุตุงุฑุช ููุจู ุนูุฏ ูุงุบู ูุงูุฅุนูุงูุงุช ููููู๐๐๐๐๐๐,TN
@SajaDahadha ุงููู ูุฑุญู ูุญููุฏ ูุฑุจูุง ูุตุจุฑู ูุง ุณุฌู... ๐,JO
ุนูุดููู ุนููุด ููุช ููู๐คฆ๐ปโโ๏ธ,LY
ูุณููู ุงููู ุนููููู ุดููู ูุงูู ุดุบู ุจุณ ูุงูู ููุงูู ุจุงูุตูุฑู https://t.co/IcV2InNv2C,KW
@toty27200 @NooorM7md99 ูููู ุฑุฌุนูุง ุจุนุฏ ุงููุงุตู ๐๐,PL
@SabyLR ููููููููููููููููููููููููููู ูุด ุจุนูุฏู ูุตุต ุงูุญุจ ูุงู ูุง ุญุจูุชูุง ุชุฑุงูู ุฒุบุงุฑ ูุนูู ุตุฏุงูู ูุงุดู ุจุณ ุงูู ุญุจ ูุนุดู ููุดู ูุจูุณุชูุง ูุซูุฑ ููู ..,PL
"@3ajel_ksa ูุซูุฑ ูุงูุงุดูุงู ุงููู ุนุงูุดูู ุนูู ุงุณู ุงูุณุนูุฏูุฉ 
ุนุธูุฉ ุ! ูุงููุง ุชุฑููุง ููุท ุงููู ุจูุงุก ูุณุงุฌุฏ",SA
@Sameht71 ุงูุนูุฑ ููู ุณูุฏ ุณุงูุญ ูุนูุจุงู 100๐๐น,LB
ูู ุนูู ุฃุณุงุณ ุงููุงุถู ูุงู ูุดุฑู ุฃุดู ูุต ุงูุดุนุจ ุจุงูููุงุจุฑ ุงูุฌูุงุนูุฉ ูุงููุต ุงูุซุงูู ุทุญููู ุงูุญุตุงุฑ ูุญุฑูุจ ูุชูุชูู ุ ุดูููุง ุบูุฑ ูุงูุญุฌุฉ ูุฃุฐุง ุงูุญุงุถุฑ  ูู ุฒูู ุชุญููู ูููุงุถู ูู ุชุญุงูููู ุชุบูุฑูุง ููุฃุญุณู ูุนูู ุฃุฐุง ุฃูุชูุง ุจุญุงู ุณูุก ุชุญููู ููุฃุณูุก https://t.co/hLqz4QEnId,IQ
ูุง ุงุจู ุตุฑุฉ .. ุงููู ุจูุจุนุช ุฒุนุฑุงูู ูุถุฑุจูุง ุจูุงุฑ ุญุดุงุด  ูุจูุชุดูู ุนุฌูุงุนุฉ ุงูุณูุดูุงู ููุฏูุง ูุซู ุนุจุงุณ ุฒูุฑู ูุจููุทุนูู ุจุฑุฒููุ ูุจูุชุดูู ุนูุดุงู ุญุฏุงุฏ ูุงููู ุจููู ุฎุทุงุจู ุทุงุฆูู ููููุฑ ุงููุงุฑูููุฉ ุงูุณูุงุณูุฉ ุจุนุฏูุง ูุซู ูุจูุ ูุง ุจููู ุจูุทุฌู ุ #ุงูุจูุทุฌู_ุฌุจุฑุงู,LB
@fatema2015999 @MohammedAssaf89 ุงููู ูุณููู ู ุญููุฉ ุงูุชู ุนุฑุงุณู ูู ูููู ุญุจ 442,PL
"@drmajdnaji @MohammedAssaf89 ูู ูู ุดุบูุฉ ูุง ุจุชูุญุจ ุุ
ูุงููู ููู ููู ุจูุญุจูู ๐ญ๐",PL
ุฑุจุนูุง ูุนุทูู ูขู ุฏูููู ููุณูุง ุงูู ุงููุจุงุฑุงู ูคูฅ ุฏูููู ูุงุฑูุช ูู ุงุฐูุฑูููู ...,AE
"-ููู ุชุตุจุญ #ุณุนูุฏุงู ูู ุฎุทูุชููุ 
ูก. ุงุชุบุทู 
ูข. ูุงู ๐",JO
@d0JhB5VWrpYx7BE ูุงุก ูุงุฎุฏูู ูุนุงูู ุงูุงุณุนุงู ๐,EG
ุฃุญุจ ุงูุณูุฑู ุงููู ุชุฌู ุจุฏูู ุชูุณูู ุจุฏูู ูุนูุฏุ ุณูุฑู ูููุงูู ุถุญู ูููุงู ูุฌุจุฑ ุงููุงุญุฏ ูุจุชุณู..,YE
ุนูู ููุฑู ุงุชุตู ุนูููู ุงุญุฏ ุงูุงุดุฎุงุต ููุช ูุชุฃุฎุฑ ูู ุงูููู ุจูุณุงู ุนูุฏ ุฏูุงุก ุงุจูุบูู ูุง ูู ุงุญุฏ ูุฏุงูู ุนูุดุงู ูููุฏูู https://t.co/jVWOzzLH57,KW
ูุฐุง ุงูููุณู ุงุฐุง ูุจูู ุงุนูุงู ุงู ุดู ููุชุจู ูุตูุฏุฉ ููุง ููุซูู ูููู#ุฒุฏ_ุฑุตูุฏู62,DZ
"ุซุงูุซ ูุงูุจ ููู ุจูุตููู ุจุนูุฏ ูููุงุฏู ๐๐
ุงููู ูุญูุถูู ุงููุงุณ ููู ุจุชูุชู ููุง ูุจุชุญุจูู๐ https://t.co/cs2Hc0dZom",PL
@Fahadalhurifi ูุงุฑุฌู ุงูุช ูุงูุนุฌุจู ุงุญุฏ,JO
ููุง ุชุฒุนููู ูุจูุงููู #ุฃุชุงุฑู #ุงูุทูุจูู ุงูุฑุงููู ูููููููู http://t.co/XpB4L2pR,AE
@abdullahmmalbes @MissAlneami @Hamad_Al3ttiyah @JoaanBinHamad ุงูุฑุงู ูุงุณุฑู ุฎุดูููู ูุงุนุจูุฏ ุงูููููู ูู ุงููู ุงุฌุจุฑุชูู ูุจุงูููู ูุจุดุฑูุทูุง ูุงูุฎูู ุญุณูู ุงููู ุนูููู ุชุญุงุฑุจูู ุงูู ูุทุฑ ูุชููุนูููู ูู ุงูุญุฌ ูุงูุนูุฑู ูุงุตูุงููุฉ ุงูุนุฑุจ ุฌุนู ุฑุจู ููููุง ูู ุดุฑูู ูุงูุชูุฉ ุงุทูุงู ุงูููู ๐,QA
"ุดุจ ุงูุญุทุจ ูุถุจูุท ูู ุงูููู ููุฌุงู
ูุฎูุฎ ูุฒุงุฌ ุงูููู ูุนููุฑ ูุฒุงุฌู

ูููุฉ ุจุฏูู ุชููุนูุฏ ุงูุฑุงุณ ูุง ูุงู
ุชูุฑุด ุญุฌุงุฌ ุงูููู ูุนููุฏ ุญุฌุงุฌู   ูุณุงุก ุงูุฎูุฑ ๐น๐น",JO
"ูููุฏ ุจูู ุดู ุจูุนูู ุฃูุณูุงุฑ ๐ฑ๐ฑ
ูุงุฒู ุชุฒูุฌ ุฃูุณูุงุฑ ๐

@walidjoumblatt https://t.co/ZhSiq1Sa14",BH
ูู ูุฌุน ูููุง ูุนุฏู ุนููู ุณููู ูุณุชุญูู ุชูุณุงู ููุณุชุญูู ูุฎู ๐ญ...,PL
@ShorouqAlRoumi ุดูุฑุง ุงุฎุช ุดุฑูู ูุงุชููู ุงูู ุงูุชูู ููู ูุฑูุจ ุฌุฏุง :),KW
"@Hamzeh_Masa3deh @RAMIBANIATA 
ุงุณูุน ูุงู ูุญุถุฑูุง ูุนู ูุฏ ูุง ุงูุถุบุท ุทูุน ูุฏุฎู ู ูุฑุฌุน ูููููู๐๐๐๐๐",JO
"@semsema4011 ูุงููู ูุงุงุนุฑู ุบูุฑ ุงูู ุงุณูู ุญููุงู ุงููุณูุงู..
ุงูุง ูู ุงููู ููููู ุงููุงุณ ุงููู ุจุชูุฑููู ูุทูุนููู ุญุชู ูู ุงุญูุงููู๐ฑ๐ฑ",EG
@sul535 ุญุฏ ูุฃุฎุฐ ุงูุชูููู ููู ููุฑุฌุนู ูู ุงูุตุจุญ !!! ุฌุงุจ ุงูุนูุฏ .,QA
@numidie10 ุญุงูุธุงุช ุดุจุงุจ ูุงุดุงุก ุงููู..๐๐๐๐๐๐๐,LY
@MohamedHerbawI ููููููู ูุดุงู ุฎูุงุชูู ุฎูุตูุง ุงูุชุญุงูุงุช ๐๐ถ,PL
@ALMRISEUL ุงุณุฃู ุงููู ุงูู ูุดุบูู ูู ููุณู ูุชู ุชูุจุฑ  ูุชุชุฑู ุญุฑูุงุช ุงููุจุฒุฑู ูุฐู,SA
ููู ุงูุงุญุฏ ููุงุก ุชุทุจูุนู ูู ุงูุฏุงุฎู ุญุณุจ ุงูุดุงุจ ุงููู ุจูุทูุน ูุนูู,PL
ููุฃ ูุงุญุธุช ุงูู ุตูุฑุฉ ุจุฑููุงูู ุงูููุณุจูู ุงูู ูู ูุบูุฑูุชูุง ูู ุงูู ูขููกูง .. ูุงุงุงุงุงุงุงุงุงุงุงุงู https://t.co/8FwaTLyNqK,JO
@shahra_dz ูููุช ูุดูู ุจูุงุช ููุง ููุฏุฑู ููุงู ุงูุซุฑ ูู ูุงุญุด ู ูุฑุญุงููู ๐ฏ,DZ
"@MshariAshareef @monqeth ุงููุดููุฉ ุจุงู ุงููุฎุงููุฉ ูููุชูุง ุงูุจุฑ ูู ุงููู ุงุตูุง ูุจ ุฏุงูุน ุฑุณูู ุงููููู!!

#ููุงูู",AE
"ูู ุฏุงุณ ุนูู ููููู ุงูุชุตุฑุ 
ููู ุฏุงุณุช ุนููู ููููู ุงููุณุฑ ..โ 
#ูุฑูุจ_ุฌุฒุงุฆุณุทูู https://t.co/gxeG0hhLPw",DZ
"ุงูุดุจููุงุจ ุฅูููู ุจูุญูููุง . .
"" ุชููุจ | ุญููุงุฏุฑ | ุขุซูู | ุญูููุจู ุฃููุงู . . ุฅูุฎ ""
* ุฅุณูุชุฑุฌู !!",PL
@usf_al_mutairi ุฎููู ููุณู ููุจู ูุชุฑูุณ ุนุงุฏู ูููุฌุฑ ุจุฃู ูุญุธู,KW
@ffaisall80 ุงุณููุง ูู ุงูุญุงุช ูุฑุนุจู,SA
"@lovkuwait4ever @JassemAlabdulh2 @AlshaerRasheed ุชุฐูุฑุช ุงููุฑุญูู ุทูุงู ุงูุนูุงุฑ ููุง ูุงู ูุฒูุฑ ุงูููุฑุจุงุก ูุงููุงุก
ููุง ุนุทูู ูุดููุงุช ุงูุฃุนูุงู ุงูููุชุงุฒุฉ ููุฅุนุชูุงุฏ ูุงูุชูููุน ูููุธููู ุงููุฒุงุฑุฉ
ุฎุตู ูุณุจุฉ 65% ูู ูุจุงูุบ ุงูุฃุนูุงู ุงูููุชุงุฒุฉ ูููุงูุฏูู
ูุงุญุชุฌูุง ุจุนุถ ุงูููุธููู ุงููุงูุฏูู ููุงู ููู ุงููู ุนุงุฌุจู ุฃููุงู ูุณููุงู ูุงููู ูู ุนุงุฌุจู ูููู",KW
ูููููููู ูุชุฐูุฑ ุงูููู ุฏู @mohamed_alfanob https://t.co/JPVJjIs7Rj,SD
ูุด ูุจูุง ุนูู ุงู ุญุฏ ูุด ุจุงูู ุนููุง https://t.co/1pxSDlKkdx,EG
"@michealnabil010 @rehamn2013 @Nancy_micheal4 ุงูุณูุงู ุฏู ูุด ุตุงูู ุงูููู ๐
ุจุณ ูุงุนูููุง",EG
"ุชุถุฑุจ ูุฏูู ุงูุณุงุนุฉ ุงููู ูุงูุดุช ูู ุจุนุถ ุงูุฌูุงุนุงุช ..
ุจุฏู ุญุฏุง ูููู...
ูุฑุงุณ ุงููู ุฏุงูุฆุง ุฃุฎูุงูู...",SY
@alansariiradoa ุงุญุณ ุนูุจ ุงูู ุงูุจูุช ูุทูุจูู ูุงู ุงูููุฑูุถ ูู ุนุงุฑููู ุญุงูุฉ ุงูุฑูุงู ููู ุจุนุฏ ุงูููุฑูุถ ุณูุงุก ุนูุฏู ุฎูุฑ ุงู ูุงููุฏุฑ ูุนุทู ูุฏ ุงูู ููุฏุฑ ุนููู ูุงููุชููุน ููู,QA
"@SafeenWejdan ูุงู ุงูู ุชูููุชูุง "" ุนูู ุงูุฏู ูุจูู ูุงูุง ูุงุณูุง ูุงุณูุง ุงูู !  
 ููุง ูุญุฏุฉ ุชุงููุฉ ๐",PL
@FuadyosefFy @AlexandraAlad ููู ูุงูุดูู ุจุงุญุชุฑุงู ูุฃูู ูุง ุนู ุงุบูุท ูุนู ุฃูุง ูุด ูุน ุญุฏุง ุจุณ ููู ุญุจูุช ูุงูุดู ๐,LB
ูุง ุจุงูุนุดุฑู ููุง ุจุงูุณููู ููุง ุดููู ููุงูู ูุจุชุนุฑู ููู ูุนุงู ูููู ุถุฏู โ,EG
@MBS_KSA90 ุงููุฒุงูู ุจูุงูู ูุงูุฏููุง ุฏูุงุฑูู๐,SA
"@hamad_albraidi ุงูุญูู ุงูุฐุจุงู ุจูุฑุฏูู ุนููู ูุฐุง ุฎุจุฑ ูุงุฐุจุ ูุทูุน ูููุชูุ ูุชุฑูุนูู ููู ูุงูุฎ... ูููููุง ูุฏูุนูู ููุ ูุดูู ุงุตููุ ูุฑุงุนู ูุฌููู..
ุงููู ูุนููู ุนูููู",QA
"ูุง ุซููู ููุงูููุง ุนุฒููู ููุงุตุจุฑู
ุฃุฌุงูู ุนูู ุฌุฑุญู ูุฃูุง ุฃุดูู ุฏูุชูุฑู 
ุชุฒูุฏ ุนุฐุงุจู ููู ุดูู ุนูู ุฎุจุฑู 
ูุง ุดูู ุชุบูุฑ ูุง ุทุจูุนู ููุง ุตูุฑู
      ุณุนุฏ_ุจู_ุฌุฏูุงู",QA
@5_soooom ู ุนูุฏู ุดุบูู ุงูุช!!!,OM
@Shlnd5_ss_ss ูุน ุฌุฑูุช ูููุง ููููููููููููู,SA
"ูุฐู ุนูุฑูุง ูุง ุตุงุฑุช!!

ุงุนุถุงุก ูุคุณุณุฉ ูุญุชูุธูู ุจุงููููุฒุงุช ุงูู ูุง ุจุนุฏ ุงูุชูุงุนุฏ

ุงููููู ุงุดุฑุงุฎ ูุตูุฑ ุจุงููุฑูุจ ุงูุนุงุฌู
ูู ูู ูุจ ู ุฏุจ ุจุญุท ูุงุณุทู ุนูุดุงู ูุตูุฑ ุนุถู ูุฌูุณ ุงุฏุงุฑู ุจุงููููุชูู
ุงู ูุชูุงุนุฏ ูู ุนูุงููู ูุทูุน ูู ุงููุฒุงุฑู ุจุนููููู ูู ุงููููุชูู ูู ุณูุฉ ุนูุดุงู ูุชูุงุนุฏ ูุฑู ุซุงููู ู ูุญุชูุธ ุจุงููููุฒุงุช

ููููุง ูุนุจ https://t.co/cJDx5kbz99",KW
@OmanFA @khamis7777 ูุนูู ูุง ูููู ุงููุซู .. ูุณููุญู ุงููุงุทุฑ ุนู ูุฑูุงุถ ุงูุจูุด .. ูุณุชุฑูุญ ุฎุจุฑูู,OM
@winnebooh ๐๐  ุงููุดููุฉ ููู ุงูู ูุง ุชุดููุด ู ุงูุชุบุฑูุฏุฉ,LY
ูุณููุญ ุชููู ุฑุฃูู ุนูู ุตูุฑู ุญุฏ ูู ุญุงูู ูุงุญุฏู ุจุณุ ูู ุฌู ูุนูููุง ุนูุฏูู ูู ุงูุตุงููู .. ููู ุบูุฑ ูุฏู ุทูู ูุงูู ุญุงุทุทูุง ุนูุฏู ุนูู ุตูุญุชู ูุง ูุง ุชููู ูููู ุญููู ูุง ุชูุนุฏ ุณุงูุช,EG
"ูู ุญุจููุช ุชุนูููู ุญุฏ ุญุงุฌู ูุงุชุนูููุด ุจุงูููุงู ุงู ุจุงููุนุธ .. ุนูููููุง ุจุงูููุงูููุ ุงูููุงููู ุนููุฑูุง ูุงุจุชุชูุณูุ ููููุง ูุงููุช ูุงุณูุฉ ูู ููุชูุง ุจุณ ุจุณุจุจูุง ูุงูุชุนูููู ุนููุฑู ููููู.

#ููู_ุงููุทู_ุงูุนุงููู",EG
ุงูุงููู ููุนุจู ูู ุบูุฑ ูุฏุฑุจ,LY
"@Khalid_alzar3 ุงูุฑูุงู ูู ููุณ ุจุงูู ุงููุฑู
ุนุงุฏู ูุฑุฏ ุจุงู ููุช",KW
ูุงูุฑููู... ุงููุง ุงูุณุนูุฏูุฉ ๐ธ๐ฆุงูุนุธูู... https://t.co/ys9z76P6Rf,AE
@uae_3G ูุฎุณู ูุญุทู ุฑุฌูู ุงููุฌุณู ูู ุฃุฑุถ ุงูุฅูุงุฑุงุช ุจูุญุดูุง ุญุด #ุชูุธูู_ุงูุญูุฏูู,AE
"ููุงู ุงูุนุงุจุฏ ูุณู ูุญุชุงุฌ ุชุฃููู ูุณุชูุงู ูุชุฑุงุฌุน ู ุฌูุณุชุงูู ููููุงุฑ ูุฏู ููุณู ุจุทุฑููู ุฑุงุฆุนู ูุณุชูุงู ุฑููุจ ูููุตู ุงูุชูุงูู ูุน ุงููุนูุจู 
ูุญุชุงุฌ ูุงุฑูู ูุงูุดูุท ุงูุชุงูู #ุงูููุงู_ุงูููุญุงุก_ุงูุฏูุฑู",PL
"#ุณุงุญุฑู_ุจุงูุฑูุงุถ
ุจุณ ุงุญุจ ุงุฐูุฑ ูุตูุฑ ุงูููุฏูู  ูุดูู ุนููุจุฉ ุฌุฑุงุฆู ุงููุนูููุงุชูุฉ ูู ุญุงู ุทูุนุช ุงูุณุงุญุฑุฉ ุจุฑูุฆุฉ https://t.co/2BATzXm35i",SY
"ุณุคุงู ุนูุฏูู ุดูู 
ุจูุทูููู ูุญูู ููุง ุฑูุงุฏู ุ ๐
ููุด ููููููู ูุญูู ุงูุง ุงุดููู ุฑูุงุฏู https://t.co/kfI8ybLkQa",KW
ูุงููู ุนูู ุณุนุฏ ุงููุฑุงู ... https://t.co/dzH4b2LNOv,LB
@renadghayada1 ูุง ุดุงููู ุนููู ุงููู ูุญููู ๐,PL
ุงุญุฏู ุงูุงุณุจุงุจ ุงููู ุจุชุฎููู ุชุนูู unfollow block delete ูุจุนุถ ุงูุตูุญุงุช/ุงูุฃุดุฎุงุต ุุุูุง ุญูู ุงููู ูุง ุฑุจ๐ฉ https://t.co/mOsljD71uf,JO
@AmeeraAlMusleh ูููู ูููุจ ูุงููู ููููู ุณุงุนู ูุงูุงูุชุธุงุฑ ููุง ุจุฒุนูู ุน ุญุฏ ูุง ุทูุงุฑุฆ ููุง ูู ูุญุฒููู ููุนุฉ ุฌุจุฏ ูุจุณ,PL
@I_fhxd ูุงููู ูุง ูุงุนุฏ ุจูุฎู ุนุดุงู ุงุนุฑู ุชุทูุทู ููุง ุชุชููู ุตุฏู,IQ
@mabaloshi7 ูุนุจูู ุฎุทูุฑ ูู ุฏูุน ูุนุชูุฏูู ุนูู ูุงุนุจ ูุงุญุฏ ๐๐ฌ,BH
@raya48101556 ุงูุฌููุฉ ูุง ุนูุจู ูุงูุดูุชู ููู,DZ
@imo76340760 ุจูููุง ูุญุดูู ุงูู  ูุจุนุฏ ุนู ุฑุจูุง ุณุจุจ ุฏู,EG
@52_wf ุงู ุดุงุก ุงููู ูุง ููุตู ููุงููุถุนุ ูุงุซููู ูุงููุณุคููููุ ููุชููู ูุจุงุฏุฑูุง ุจุชูุถูุญ ุฎุทุทูู ููุดุงุฑูุนูู ูุงูุจุฏุงุฆู ุงูู ุจูุทุฑููุง ุงููุง ูุญู ุงูุงุฒูุฉ..,OM
@lulwabuhsyeen ุงูุชู ุจุนุฏ ุณููู ุฑูุญุฌ ุฌูุฌ ุงุชููููู ุงุญุฏ ๐๐ .. ูุญุฏู ุจูุญุฏู,BH
@shdaoaa ูุฏูุชูู ุงูุญุณุณุงุณูู ุงููู ูุชููููู ููุงุฑุฏููุง ุนูููู ุฒุนูู ูุฏูุชูู ูุงููู ๐๐,SA
@S7sB95 @AlBarghathy ุฎุฐููุง ุฑูุงู ูููุง ููุฑูุถ ุดููุช ูููููุง ูุน ูููุฉ ููุณู ูุงูุณุชุญูุด ูุฐู ููุทุฉ ุนูุจ ูู ุญุฏ ูุชูุฑุฌ ุนูู ููุฑุฉ,LY
@RTarabic ุงูุง ูุด ูุงุฏุฑุฉ ุงูููู ูู ูุฏุฉ ุณุช ููุง ุฑุงุฌูุุ,EG
@LilianeM8 ุฑูููุฉ ููููุงู ุดู ุงุณุชูุชุฌุชู ูู ุงูุตูุฑุฉุุุ,LB
ูุฐู ุจููุณุจุฉ ููููุงูุฉ ุงููุฐุฑุฉ ูุงููุฑูุถุฉ ุงูู ูุฑูุชูุง ุชูุง,LY
"@Kurbaag 

ุงูุงุจูุงุฏู ุดุนูุฏู ุบูุฑ ุงูููู ๐",KW
ุบุฏุฑูุง ููู ูุฑุฉ ุชุงููุฉ ูุง ุดูุบุณุนุฏ ููู ุจูู ู ููู ูููุฉ ุญู ููู ููู ุฑุฌุนู ูู ุงูุณุนูุฏูุฉ ู ูุงู ููุจู ุนููู ู ููู ููู ูุง ุจุฎูู ูุฑุตุฉ ุงูุง ููุบุฏุฑ ููู,LB
ุจุณุฃูู ููุด ุงูุช ุญุณูุฏ ููู ุชุทุงูุนูุง ุนูู ุจูุฒุงุชูุง โป โ ูุง ูุทูุน ูููู ุดู .. ูุฏูุฉ ุงุณูุฑูู ุดู http://t.co/xOVKKGrGbY,BH
"#ุจุงุงุฎุฑ_ุฑุณุงูู_ุฌุงุชู_ุนุงูุชูููููู
I've just woke up ๐คฆ๐ปโโ๏ธ",LY
ููุซู ุงูุญุฑููู ุงููู ูุด ุนุงุฌุจู ุญุงุฌุฉ ููุนุชุฑุถ ุนูู ุทูู......ุจูุฏุงูุน ุนู ุงูุฃุฒูุฑ ! ูุงุชุฑู ูููุ! ๐ฌ,EG
@mema_moon93 @kh_lolaa1 ูุงูู ุฏุฎู ุงูุง ุญููุช ุนูู ุงูุงุฑุฏูู ุงูุชู ุตุฑุชู ุชุญูู ูุฏุชู ููุฏู ๐๐๐,JO
@SafeenWejdan ุดุนุจ ูุณุชุฎุณุฑ ุจุญุงูู ุงูููุณ ุงูู ุจุชููุณู ุดู ูุชููุนุฉ ุงูุชุฑ ๐ถ๐ถ,PL
ุดููู ุฑุงุญ ุงุญุท ุตูุฑุฉ ุฃุจู ูุงูู,JO
@7d8e901e5be744e @halmy_libya ุชุตุฏูู ุงูู ูุตุงุจู ุงุตูู ูุงุจุทู,EG
@khalidjassem74 ุงูุง ูุง ุงุฏุฑู ุดู ุฎุงูุฉ ุงูุฐููุฑ ููุทุฑ ุงุฐุง ุงููู ูุญููู ุงูุงููุฑ ุงุชุฑุงู ููุฑุณ ููุงููู ูุญูู ูุทุฑ ูุนููุง ุงุณุฑุงุฆููู ูุงููู ูุญููู ุงูุฏุงุฑ ูุฌูุณูู ูุงููู ููุนุจูู ูุฌูุณูู ุดู ุฎุงูุฉ ุฐููุฑูู ูุงู ุงุณูุฏ ุชููู ๐คฃ๐คฃ,AE
@i7mooha ุงููุฏ ูุง ุนูุฏู ุณุงููู ูุซู ููุฑุชู ุงูุจุงูุฎู,AE
@minyarr   @MMowada ูุนูุง ุตุฏูุชู๐๐๐ููุง ุฑุญ ูุทูุน ูููู ูุงูุฏุฉ ๐๐ป๐๐ป๐๐ป๐๐ป,LY
"ุนูุฏู ูุจุณ ูุชูุฑ ุจุณ ุฏู ุทุฑุญุชู ูู ุงูุบุณููุ ู ุฏู ุดูุงู ูุญุชุงุฌ ุญุงุฌุฉ ุชุญุชูุ ู ุฏู ููุฉ ููููุนุดุ ูุฏู ููุชูุจุณุด ุงูุตุจุญุ ู ุฏู ุดุงูููู ุจูู ูุชูุฑุ ู ุฏู ูุถูู ุนุงูููุงูุ ูุฏู ูุชุฎูููุ ู ุฏู ูููุด ุดูุทุฉุ ู ุฏู ุจููุชููู ูุด ูุฑูุญุ ู ุฏู ูุงู ุชุฑููุฏ ู ููุฏูุ ู ุฏู ุจู ุงูู ุฏู ููุงู ุฌุจุชู ุงุฒุงู ุฏู!
ูุจูุตู ู ุงูููุงูุฉ ูุฃู ูุนูุฏูุด ูุจุณ",EG
@lolo_306306 ุงููุฑุงุฑ ูุชุงุฎุฏ ูู ุงุณุจูุนูู ู ุทุจูุนู ุงูู ูุญุตู ุงููุงุฑุฏู ุนุดุงู ุงุฎุฑ ููู ูู ุงูุดูุฑ,EG
46 ูุงุฆุจ ูููุนูู ูุฐูุฑู ููุนูุฏู ููุชูููุช ุงูุดุชูู ุจุณู ูุง ุญุฏ ุฑุงุงุงุงุฏ ......... ุณุคุงู ูู ูุงููุฐูุฑุงุช ููู ุจุชุฑูุญ ุฏุฎููู ุงูุง,JO
@arabqoute ูุณุชุญูู ูุงู ูู ูุด ููุณ ูุฌุงูู ุงู ูุงุนูุฏูุด ุนูููุง ุงู ุฎูููุฉ ูุณุชุญูู ูุดุชุบููุง ูููุง ูุงู ุงูุฑุงุชุจ,LY
"@MarzouqAlajmi ุชุณูู ุงุจููุงุตุฑ..
ูุณุงู ุงููู ูู ุงูุชูููู.
ู(ุงูุชูููุด) ูุงูุงุชู ุงูุง ูู ูุงููุดุ!
๐โโ๏ธุชูุดู ุนุฏู ูุญุชุงุฑ ุนุฏูู ููู.",KW
ุนููุงู ุจุณ ูุด ูุงู ุงูุทุฑููุฉ ููุณูุง ุฏููุชู ุงููู ุฎูุชู ุฑุฆูุณ ูุฒุฑุงุก ู ุชุชููุทุน ูููุง ุฒู ุงููู ูุจูู ..! https://t.co/RZiECcDlmj,JO
@97c8c87cbf19474 ุงูุชุฑุจูุฉ ูุงูุฃุตุฏูุงุก ูุงูุถููุฑ ูุงูุซุจุงุช ูู ุงููู ุ ูููุง ุนูุงูู ุ ุฑุจูุง ูุจุงุฑู ูููู ููููู ุ ููุฌุจุฑ ุชูุตูุฑูุง ูุงููู,EG
ุฃูู ูุฑุฉ ุจููุนุจ ูุงุฑุณูุงู ูุฑุงุดููุฑุฏ ูุน ูููุงูู https://t.co/L3PZ3564zY,LB
ู ูุงูุนุงุฏู ุงูุฏููุง ูููุง ูุทุฑ ุงูุง ุงูููุฑู:)๐,PL
"@Mysobal You know whats the most beautiful thing that happened yesterday?  The fact that the inflitrators like you got a shoe in their mouths
ุฎุฑู ุนููู ูุนุงุณุฑุงุฆูู ูุนูู ุงูุนููุงุก ุงูุตุฑุงูู ุงููู ูุชูู",LB
@KuSaraKu ุงูุฎุจุทุชู ูุงูุง ุงูุฎุทุจุชู ูู ูุงุญุฏ ุงูููู ุงูู ุงูุถุฑุจุชู ูุงููู ูุนููู ุนูู ุงููุชูุฌู๐คฏ๐คฏ๐คฏ๐คฏ,QA
"ุญุฏู ยุฒูุงูู ยุงููุญูู ยุชูููููย
ุชุณูุฑ ูููุฌุฑ ูุนุดุงูู ููุช ููุฑย
ุฌุงู ยุงูููู ยุจุงูุงุบุงูู ยุชุณูุนูู
ูุชุดูู ุงุณูู ูุงูุง ุงูุชุจ ยุดุนุฑ ย
ูุงุนูุฏู ุงูุง ููุงุชูุฏุฑ ุจููู ุชูููููย
ูููููุช ุงูููู ููู ูุงุจุชููู ุณูุฑ

#ุณูุฑ__ุงูุจุญุฑูููู",BH
@heema_a7 ุงูุญูู ุชููู ูู ุงูุณุฑูุฑ ุทูู ุงูููุช,SD
@fatma_benkhayal ุงูููุงูุณ ุงููู ูุทุฑุทุดู ู ุดูุงุฑุน ุทุฑุงุจูุณ ู ุงูุงุฌุงูุจ ุงููุงูุฏูู ุงููู ุนุจู ุงูุณุงุญุฉ ุงูุฎุถุฑุง ู ูุง ุญูููุง ู ุทุฑุงุจูุณ ุฃูุงู ุงูุนูุฏ ู ุงููู ูุณููุงุช ุฑูุญูู ููููุณุช ุฏุงูุฑุงุช ุฒุนุฒุงุนู  ูู ููู ูุงุชุญุงุช ุฑุงุณ ููุถูุน ูู ุงุญุฏ ูุญุงูุฑ ุงูุฌุจูุฉ ุงูุชููุชุฑูุฉ,LY
"@KHamdi91 ุนูุงุด ูุงูุจูุฏูุฉ ูููุณููู ุงูุนููุฉุุ ูุงููู ููุฉ ุนูู 
ุชูุง ูุงููุง ุฎุฏูุฉ ููุง ูุฑุงูุฉ ุนุงุฏู ูุจูุณุงูุฑูุง ุธุฑูููู ููู ุนูู ุฎุงุทุฑ ุฌูุณูุฉ ุจุณ ุงูุฏูุฑูุง ูุฐุง ูููุ",LY
"@Kafka270 ูุงุดู ูุฑุฏูู ุนูู
ููุง ุจู ูุดุฑุจ ุงูุจูุจุณู",OM
"@maryamalghafri_ ุงูุช ุจุณ ุดููู ุงูุจูุงุช 
 ุงูุง ููู ุนูุฑูู ุญุชู ูุฑุทุจ ููุฌูู ู ุงุญุท ๐๐ญ",OM
ุนูุฑู ุดููู ููุชุจ: ููููุงุช ุฒูููุงูู ููุฑูุณ ุฃูู! https://t.co/g9st2psRu0  ... @Ahmed1Afify  #ุจุงุตู_ูุนูููู,EG
"ุงูุฑุฆูุณ ุฑุฏูุง ุนูู ูุงุดุชุงุฌ ยซุงุฑุญู ูุง ุณูุณูยป: ยซุฃุญุฒููู ูุซูุฑูุงยป
ูุฃูุงู ูุงุฑูุณ ููุดูุช ุงูุชุนูููุงุช ุนูู ุงููุงูุดูุช ุฏู ูุชููู ุงูู ุุุ
ุงููุงุณ ูุฎูููุฉ ูุตูุชูุง ุงุชุฎุฑุณ ุ ูุง ุงููุชุงุจ ูุงุฏุฑุฉ ุชุนุจุฑุนููู ููุง ุงูุช ุนุงูุฒ ุชุณูุน ูููู .",EG
"ูุง ุชูุงููู ุงูุนููุฑุจ ููุง ุชูุงููู ุงูุฏุงุจ...
ุงููุณููู ูุงุญุฏ ูุง.. ุฑููุง ูู ูุชููู...

ูุง ุฌูุงููู ุงูุฏููุง ูุฏูุฑุงุช ุงูุฃุณุจุงุจ...
ุฃุนุฑู ุชุฑู ูู ุฎูุงู ุบูุฑู ูุฎูููู...",BH
ุฑุงุจุนู ูุด ุจููุจููุงูู ู ุชุงูุชู ูุด ุงููุญุด ูุทุจ ูุด ุงูููุฉ ููู ุชุนุจุช ู ุซุงููู ูุชููู ุชุนุจ ูู ุงู ุญุชู ููุด ูุงุฒู ุนุดุงู ุฒุงูุฑุช ุชูุฌุญ ููู ูุฏูุช ุงูุณุจุช ูุด ูุชูุงูู ุงูุญุฏ ููู ุนุงููุชูู ูููุณ ูููุฏูู ูุนุงู ููู ุงูุชููุช ููููููู ููู ุญุจูุช ูููุดุฎูู ููู ูุฒูุช ุจุฏุฑู ูุชูุตู ูุชุฃุฎุฑ ุจุฑุถู ููู ุนุงูุฑุช ุทุงูุชู ูุชุฎูุต ูู ุงุณุชุณููุช ูุชููุช,EG
@lliaax ูุงููู ุฒุนูุช ููุง ูุงูู ุงููุง ุงููุตูุช ุนูู .. ูููููุง ุฒูุงุฌุงุชูุง ุงูุงุชููู ุงูู ูุงูุฌุญุช ูููู .. ุงู ุดุงุก ุงููู ุชุชููู ูุน ุฌุงู ูุชููู ูุฑุญุงูู ูุณุนูุฏู๐โฆโค๏ธโฉ,LY
@live_for_egypt ุชุญูุงุงูุฒุงู ูุน ุงูุดูู ุฏุง ๐คทโโ๏ธ,LB
@justSDN ูููู ุถุฑุจุฉ ูููุฉ ููุงุณ ูุฏุฉ,SD
ุญู ูุงูุฑุงุณ ููุฑุนุจ ุงููุงุณุฏูู ๐ค https://t.co/nm8JrE0LBv,KW
@falah1390 ูุณุชุงูู ูุงูุงููุฑ ุงูุช ุฎูุฑ ูู ููุซู ๐น๐น๐น,KW
"@M_dashti88 ุฑุญุช ููู ูููู ูุง ุฎููุช ุฑููุง ุณุชูุฑ ูุง ุฑุญุช ูู ๐

ูุจู ุณูู ูุงู ุจุณ ุฑููุง ุณุชูุฑ ูุงุญุฏ ุงููู ูู ููุง ุฏูู ููุฑุณู ุงูุญูู ุตุงุฑู ุซูุงุซู ูู ููุณ ุงูููุทูุฉ",AE
@sds5051 @sra515 ูุงููุช ุ ุงูุจุฏุงูุน ููู ุญูุง ูุงููู ุฒุงุฏ ุญูุงุชูุง ุงู ูุงุจูุง ุงุดุงุฑุงุช,SA
#_ุฏูุฏุฑุงูู_ุงูููุงุฑู_ูุซู_ููู_ูุง_ููุงุจ_ุงูุจูุง https://t.co/LY9c5LhexY,EG
"ูู ุจูุช ุงูุตุฑูุงูู ูุดุบูู ููุฌุฑู ููู ุฏุงุฑูุง ููุง ุงูุด 
ุฒููููููููููููููููููููู - ูุดุนุฑ ุจูุงูุบุถุจ",PL
#ุนุจุฏุงูุตูุฏ_ุงููุฑุดู_ูุณูู_ููุงูุงุซ ุงูุญุฑูู ูููู ุฌุงุฑูุงุช ูุญูููู ุงุนูุฐ ุจุงููู ุงููุฑุดู ุตุฏููู ุฎุณุฑุช ุงุญุดู ุจูุงุช ุฎูู ุงููู,KW
ุดู ุนุฌูุจ ูุญูููู ูุฃููุณูู ููุญุฑููู ุนูู ูุงูููุงุทู ุงููุณููู ุฃุณุชูู ๐ !!!! https://t.co/X0K44pFRTh,KW
ููุฑู ูู ุงูุดุจุงุจ ุงููู ุณุจู ุฌููู ูู ูุฌุงูู ูุงุนูุงูู ููุชุงุฒุฉ https://t.co/YQTAKNmebQ,EG
ุฃุนุฑู ุญูุงู ุงูุญุจ ูุฃุนุฑู ุญุฑุงูู ๐,KW
ุจุฏู ุงุนุชุตู ูุนูู ุจุณ ููุงุณู ูู ุจุทุฑููู https://t.co/LndImzgowc,PL
"ุจูุฑุง ูู ูุงุญุฏ ุจูููุน ุฎุทุงุจ ุจููุงุณุจุฉ ูุง
ูุจูุงุฌู ุงูุณุนูุฏูุฉ. 
ุญุช ุญุงูู ูุญู ุงูุฎููุฌู. 
ุจุชุฑูุญ ุนูู ุจูุฏ ุจูุงุฌู ุฑุฆูุณู https://t.co/nRWopbsCnw",LB
@GeD092 ููุง ุจููู ููู ูุจุนุฏูู ุจูุชุณูู ุจุฏู ูุง ุงุญูุง ูุงุนุฏูู ุจุตูุฑ ูู ููู ุงุดู ุงูููุฑ ูู,PL
@KAMHB @hanan_kw_ ูุงูุฌูุฒ ุงูุชุนููู ูุงููู ุญุฑุงู ูุนูุจ ุชุชูู ุดุนุจ ุจุงููููุง ุุ ูุง ุงุฎู ุญูุง ุนูุฏูุง ุดููุฎ ูุชุฌุงุฑ ููุง ููููุง ูุณููู ุงูุจูุงูู ุุ ูุง ูุฌูุฒ ุงูุชุนููู ุุ ุซุงูู ุดู ุชุฃูุฏ ูุจู ูุง ุชุธููู ููุฏุนู ุนููู ุุ ุฎุงู ุงููู,KW
"@NNALeb @MelhemRiachy ุงูุดุงุดุงุช ูููู ุงุฎุฏ ุฑุงุญุชูุง ุจุงูุจุฑุงูุฌ ูุชุนุฑุถ ูููู ุจูุณูุง ููููู ูุง ุจูุณูู ููุตูุฑ ุงูู ุงูุจูุฏ ูุฑุชุน ููุนูุฑ ูุงููุฑู ... ููุณูุณูุงุช ุตุงุฑุช ุฑูุงุฆุฒูุง ุนูู ""ูุงูุช ูุนู"" ู""ุบุฑู ุงูููู"" ู""ุงูุชุธูุท"" ู ""ุงูุดุฎูุนุฉ ูุบูุฑู ูุบูุฑู.... ููุฏู ููู ุจูุญุงุณุจููุ",LB
@aauae79 ุฐูุฑุชูู ุจูุงุญุฏ ุฒุงุฑุนููู ูุณููุง ูุงููุงุณ ูุจ ูุชูุจูุชูู,AE
ุงูููุฑูุถ ูู ุงููููุช ูุฏุดูู ุงูุณุฌู ูุงูุจูุงุก ููุงููู ุงูุฏูุฑู ูุถุช ูู ุงููู ุงุนุฑููู ุณุงุฌููููู ุจุณุจุจ ุชููุชุฑ .... ุดููู ุงูุงู ุงุฑ ุณู ูุจู ุดุฒููู,KW
"ุงููู ูุญูุธู ููุทูู ุจุนูุฑู 
#ุตุจุงุญ_ุงูุฃุญูุฏ_ุงูุตุจุงุญ 
ุชุณูู ุฅูุฏฺ ุนูู ุงูููุงู ุงูุทูุจ https://t.co/CnLCAjtccb",KW
"@3alaKaife ุจุฏุงูุฉ ุงูุชุบุฑูุฏุฉ ููุช ุฃูู ูุฑุฉ ุชูุชุจ ุดู ููู ูุดุงุนุฑ.. ุทูุน ุงูุฌู ุจู ุงุณ
ูุง ุฃูููู.. ุญุจูุจ ุงูููุงููู..",AE
@LowiSahiNazal ูุงุฎูุฑุงุงุง ุฑุฌุนุช ุงูููููุงุช ุงูุฒููุฉ ูุคู ุงุณุชูุฑ ุจุดุฑูู โค๏ธโค๏ธโค๏ธโค๏ธโค๏ธโค๏ธโค๏ธโค๏ธโค๏ธโค๏ธ,IQ
"@Urrnina_99 ุชุดุชููู ุงูุนุงููุฉ ุฎูุชู 
ูุงููู ุฎูุตุช ููุงุนุฏ ุนูู ุงูุจููููุฉ ูู ุงูููุงุก ุงูุทูู ุนู ุฒุบุฑุฏ 
ุชูุฑู ุนูููู ุงูุงุจุฑูู ุนุงููุงุฑ ููุง ูุง ุชุชุนููู ูุงุทุฑู ๐",SY
@falmahari ุงูุฏูู ุฎูู ูุตูุฑ ุงูุงูุถู ูู ูุฑูุฒู ูู ุงูุฏูุฑู ุจุนุฏูู ูุตูุฑ ุงูุงูุถู ูู ุงูุนุงูู ุ ุฑุฌุงู ูุชุฑุฒู ุงููู ุนูุฏ ุงูุนุงุฑุถ,BH
"ุฑูุญู ุงุชุบุฏูุง ูู ุงููุทุนู ุฏุฉ
ูุฎุฏ ุงุตุญุงุจู ูุนุงู ๐คฃ๐คฃ๐คฃ๐คฃ๐คฃ https://t.co/NWLtrAS2f4",AE
@rubaalnsser2 @merry_micha @Oussamasam19 ูููู ูุงูู ุฎูุฏู ุฃูุงูุฑ ูู ุญุฏ ูุงู ุญููุชู ูุนู ูููุชูู ุงุฏุนูู ูููุฒ ุจุงูุทุฑููุฉ ุงููู ุชูุงุณุจู ูููุด ูุงูููุงู ุงูุฒุงูุฏ!ูู ุงุฏูู ุงุฎุชุงุฑูุง ุบูุฑู ููุงุจููู ุจููุง ุฎูููุง ุชูุดุท ุงููู ูุจููุง ุจููุง ูุฅูุชู ูุดุทู ุฑูุญู ูููู ูุด ุถุฑูุฑู ูุจุนุฏู ุงูุดุฎุต ุงูุซุงููุ ููุฑู ุงูุง ุดุงูุฏุฉ ุน ุดุบููุง ูู ุงูุชููุชุฑ ูู ูุงุญุฏ ูุฎุฏู ุจุงูููุงู ุงููู ููุฏุฑ ุนููู,DZ
@UBxhxbx2 ุฌุฒุงุฌ ุฃููู ุฎูุฑ ุนูู ูุงูุฏุนูู ูุงุจูุช ุงูุฃูุงุฑู,KW
ุทูุจ ุจุงููุณุจู ุงูููู ุฏู ูููุด ุงูู ูุณุฃูู ุนููู,EG
"@Chogiwaaa61 ูุน ุงุญุชูุงููู ุฑุฌูุนุฉ ุงูู ุงูุตูุนุฉ 
#ElyxionInAlgeria",DZ
ูููุฏ ุชูููู ุตุฑุนุช ุฑุงุณูุง ุจุฅูุฒู ูุง ุฌููู ุนุงูุณุงุญุฉ .. ูููู ุจุฃู ุณุงุญุฉ ุุ ููุง ุฎุงูู ุณุงุญุฉ ุงููุฑุฌุฉ ุชุฑูุญ ูููู #ููู_ูุนูู_ููู #ูุจูุงู_ูุซูุฑ #ูุจูุงู_ููุชูุถ,LB
@MBojfoul ุฑุญูู ุงููู   ูุฌุนูู ูุงููู,LY
"ูุงุดูุช ุงูุจุงุฏู ูุบุฑุฏ ูุงูุง ุงูุจุงุฏูู
ุฃุถุบูุท ูููู ูุงุดุนูุฑููุงู ูุฃุชุงุจุนููู 

ูุฏุฑู ูุญุจู ููู ูุฏุฑู ูู ุญููู
ูุจูู ุญุฑูููู ุชููุงูุณููุง ุฃูุงููููู
@SmurfsSweet11",OM
"@sultanalqahtani @MohammadKhataan 

ูุงููุฏุฑุนููู ูุตูุจู ูุง ูุงุณ ูุธููู ุธู ุงูุณูุก ูุนุงูููู ููุณูู ูุฑุฉ ุชูุงู ูู ูู ุดู .... .",OM
@Docledo ุจุณ ููุณู ูุน ุจุฑุดูููุฉ ูู ูุญุงุตุฑ ุจููฃ ุจุชูุงููู ุจูุงูู ุงูุญู ูุจูุธูุฑ ูุจูุตูุน ุดูุก ุงูุบุฑูุจ ุฃูู ูู ููุณ ุงูุดู ุนู ูุธูุฑ ุนูู ูุณุชูู ุงูููุชุฎุจ!!,SY
@F2oDesigns ุงุฐุง ูููู ุชุดูููู ุงูุฏุงูุฑูุช,KW
@aljahane ุตุญ ุงูุจูุงูู ุถุฑูุฑู ููุญุท ููุง ุฎุทุงู ... ุนุณู ูุง ูุตุญ ูุณุงูุฌ .. ุจุณ ูุงููุฑู ุตุฏูุชู #ูุฌูุณ_ุงูุดููุฎ_ุงูุงูุฑููู,QA
@PlusKuwait ุงุญูุง ูุงู ุนูู. ุณูุงุน ุงููุฑุขู ุจุณ ุดููู,KW
ูุงุณุงุช ุงูุตุจุงุญ ุจุงููุฑุญ ููุฆ,JO
@Toomaa_6 ุญุจูุจุฉ ููุจู ูููุฑ ุจุตุงุญุจุชู,BH
ูููุณุงู ูู ุซูุงุซ ุฏูุงูู ููููู ุงูู ููุงู https://t.co/QXASNzPSWm,EG
"ุฃูุซุฑ ุฅูุณุงู ูุญุธูุธ ูุงูุนุงูู ุงููู :
#
#
ูุงูู ุนูู ูููู ููุง ููุชู โน๏ธ๐
#
๐๐๐ฆ๐ซ๐ฌ",OM
ูุงูุง ุชูุญุดุชู ุฃูุซุฑ ูุง ุดูุด ุงูุญููุฉ ๐๐ญ https://t.co/9zyzOeQDUU,TN
@maldookhi ููุด ูุง ุฃูุฏุฑ ุฃุดูู ุงูุชุบุฑูุฏุฉ.. ุญุทููุง ูุงุจุฌุฑ,AE
ููุง ูุฌุจุฑ ุงููุณุฑ ุฃูู ุฅุนุชุฐุงุฑ ..,BH
ูุง ุฃูุซุฑ ุงูุชุบุฑูุฏุงุช ููู ุจูุฌู ุนุจุงูู ุญุท ุนูููุง ูุฃูุฃูุฃ ุจุณ ุจุฑุฌุน ุจููู ููุง ูุนููุด ุฅุฎูุงููุง ูู ุชููุชุฑ.,LB
"@ENAD_Alotaibi ูุงุนูุงุฏ ูุงุนุงุฏ ุจู ูุซู ูุฐู ููุง ุจู ุนููู ุทุงููุชู ุถููู  โณุุ 
ูููููููููููููู",SA
@thatelshejoonel @MEalhammadi ุฎููุฌ ุจุนูุฏ ุนู ุจูุงุฏู ูุฑุชุงุญูู ูุจ ูุฃุฐูู ููุง ุถุงุฑูู ุญุฏ ูุงุชุชุฏุฎููู ูุชุชููุณููู ุดูุฑุง,AE
@MouakherAhmed ุนูุฏูุง ุดููู ูู ุงูุนุงููุฉ ููู ุฑูุญู ูููุฏ ููุงุฑ ุงูุฅูุชุฎุงุจุงุช,TN
@AHADI4 ูุง ุงููุง ุงุฎ ุนุจุฏ ุงููุงุฏู .. ุงูุงูุณ ููุท ุชูููุช ุนู ุบูุงุจู ู ููุฏ ุฑุฌุนุช ๐,DZ
@bujsem @alainfcae ูู ูุฒูุง ุจุถุญู ุงุณุจูุน ุงูุณุชุฑ ูุง ุฑุจ,AE
ุฅูู ุฎูุงุฑูู ูุฌูุณ ุงูุดุนุจ ุงูุณูุฑู ูุงุญุฏ ูููู ูุทูุน ู ููุฌู ุฅูุชูุงุฏ ุตุบูุฑ ูุจุดุงุฑ ุงูุฃุณุฏ ููู ุจุงูุงุชูุงู ุจูููู ู ุจููู ูู ูุดุงู ุดู ุจุณ ูุงููู ูู ุญููุฉ ูุดุงู ุณุงููุฉ ุตุบูุฑุฉ ูุฑูุญ ูููุง ุชุฑุงูุจ ู ุตุงุญุจูู ุฑูุญ ุงูุจูุฏ ุจุงููู ูููุง ู ูุณุงุชู ูุงุนุฏ ุน ุชูุชูุง.. ูุนูู ูุงููู ุดู ูุฏุนู ููููู.. ๐๐,SY
ูุงุนุฏู ุงูุง ูุงุฎููุง ุจูููู ุงูุง ุฒููุงูู ุชุนุงุงู ูุณุญูู ุจููููู ุญุงุถุฑ ุชุนุงูู ุงุฎุฏู ููุนุฏ ูู ุงูุตุงูู๐๐๐,PL
ุจุชุญุทูุง ุจุฐูุชู ุงูู ุจูุจุถ ูููุณ ุนูู ูุงูุญูู !ุุุ ุญุณุจู ุงููู ููุนู ุงููููู ููู ุชูุงูููุง ุฅู ุดุงุก ุงููู ุจุตุญุชู ูุง ูุงุทู ูุง ุฑุฎูุต ุบูุฑู ! ูุชูุจุฑ ุน ุงูุด ุจุนุฑูุด!! https://t.co/evQ2UP06T1,PL
"ุงุนุฑู ูุงุญุฏ ูู ุงูุฑุจุน ุญุชู ุงูุฎุฑุฏุฉ ุงููู ุจุทูุงูุฉ ุณูุงุฑุชุฉ ุตุฑููุง ๐

#ุงููุถุน_ูุฑูุณุฉ
#ุงููุนุงุด",KW
ูุง ูุง ูุนูู .. ุจุนูุฏุง ุนู ุงููู ู ุฒูุงูู .. ุงุญูุง ุจูุญุจ ููุดุฑ ุบุณููุง ุงููุณุฎ ุนูุฑู ุดููุช ูุณูุณู ุชุฑูู ุงู ุฎููุฌู ุฌุงูุจ ุงูุนุดูุงุฆูุงุช ุนูุฏูู ููุง ุญุชู ูููู ุงูุฑููู ุฌุงูุจ ุงููุตุงูุจ ุงูู ูู ุงูุฑููุง ุงููุฏ ูุง ุนูู ุงูุฑุบู ูู ุงู ุงูุจูุงุฏ ุฏู ูููุง ุงููู ุนูุฏูุง ุจูุณุจู ูุฐูู ุงูููุฑู ู ุงูุชูุฑ ูุงุชุด ุฒูุจุงุจูู https://t.co/o6aQ4DLkt4,EG
@9Hmzh @Mo7med_FCB ูุนุฐูุฑ ุจุณ ูุง ูุนูุฏูุง ูุฑู ุซุงููู,IQ
@HasamiBouchra ุงููู ูุฒูู ุงูุงูู ุง ุญุจูุจุฉ,MA
@pYQm0f3bc25Xq59 @tajalsserosman ูู ุงูุญุณุงุจุงุช ุงูููููู ุจูููุณ ููููู,QA
ูุณุชุบุฑุจ ูู ูุงุณ 24 ุนูู ุชููุชุฑ ูุงุนุทููู ุงูุตุญู ูุตุฏู ุฏููุง ูุงุถููู ููู ูุงุนูุฏูู ุดู ุงูุฏุฑูู..,LY
ุงูุฌูู ููุจุฑ ุจุชุงุน ุดููููุฏ ุงุญุชูุงู ูุจูุฑ ููุท ูู ุนุงูููุจุฑู ุงูููุงุฑุฏู https://t.co/zzfFlRdPKb,EG
ูููุง ูููู ุงููุซู ุงูุฏุงุฑู ูุง ููุงุฏู .... ุงููู ูุชุณุฑ ุจูุฑุง๐,JO
@SALTAN2022S @nasser_duwailah ๐๐๐ ููู ูุงู ุงูุฐูู ุงููุงุณููุง ุนูููุ ุงูุดุนุจ ูููู ุฎุชูุ ููุด ุญูุงู ุนูููู ุญุฑุงู ุนูููุ,IQ
ููุฃุณู ุญูููุชู ุงุฌุฑุงุฆุงุชูุง ูุงุดูู ูุฑุงุญ ุชุตูุน ููุง ุงุจุทุงู ูู ูุฑู ((ูููุฃุณู ูููู ูุซูุฑ ูุชุจุนูู))ูุงูุณุจุจ ุฎูู ุงูููุงุทู ูู ูุจู ุงูุญูููู ุจุงููุณุงุณ ุจุฏุฎู ุนูุดู,KW
ุชุฑุง ุงููู ุจูููู ูุงุชุชุฎุฑูุฌู ูู ุงููุฏุฑุณุฉ ูุญุชูุฏูู ูุงุญูู ุงูุงู ุญูุงุชูู ุจุงููุฏุฑุณุฉ ุชููู ุจุฎููุชู,LB
ูุจู ูุงุชุณูู ูุฑูุฉ ุงูุงูุชุญุงู ูุชูุงูู ุตูุช ุจูููุณ ู ูุฏูู ุชุบูุฑ ุงุฌุงุจุฉ ูุนูููุ ุบุงูุจุง ุฏู ุดูุทุงูู ุงูุนู ุชุณูุน ููุงูู.,EG
"#ูุงุดููู_ูุงูุช_ุณููู ูุตุต ููููุฉ ูู ุงููุณู ุงุฑุงุฏุฉ ูุฌูุงู ๐ช๐ปุ ุจุงููุนู ุงูุณููุฉ ""ุชุฒูุฏู ุนูุฑ ุงุถุนุงู"" ๐คขูููู ูุฐุง ููุงุดู ุนููู ุญูู ูุด ูุญุฏู ูุชูููู ุ ุงุณููุจ ุญูุงุฉ ูุฑูุงุถุฉ ุุงูุฑุดุงูุฉ ุตุญุฉ ูุฌูุงู ูุงูู ุงุฌูู ูููุง .",SA
@rajooai @qatarmn @jejealotaibii @bna_ar ๐๐๐๐๐๐๐๐ ูููู ุงููุซู ุงุฐุง ู ุทุงููู ุนุงุจูู ููุง ูููุชููููู๐,BH
"ุญุชู ุงูููุฏ ูุจ ูุงุฏุฑูู ุชุณุฌููู ููู 
ุฑุงุญุช ุงูุงูู ูุง ุนูุงุก ุญุจูู https://t.co/D5D7LSOkT6",BH
"@haneensweid @samsoma_442 @mohamed_elbanay @Bitajarod @MohammedAssaf89 ููุง ูุชูุฑุฑ ุฅูุณุงู ุน  ูุฌู ุงูููู ูุณุนุฏูู ุงูุบุงูู #ูุญูุฏ ุนุณุงู  
ูููู ูู ุนุงุฌุจูู ุจูุง ูุต ุงูููููู๐",SY
ุบูุฑ ูููู ูู ููู ุจุงูู ูุงุฐ ุงูุงุซููุฉ ุณูุฑ ุนูุฏ ุงูgุงูุฑูุฉ ุญุชู ุชุฎูุต ุฏูุจู ูููููู ููุงุจุณ ุฏุงุฎููุฉ 80ุฏุฑูู๐จ ููู ุจุงูู ูุงุฏ ุซูู  ๐๐๐๐๐๐ุบูุฑ ุชููู ๐ https://t.co/i9Pu1Q6Ts5,MA
@Haiii60 ุณู ูุดู ุนูู ูุฑูุฉ ู ุตูุฑูุง ุนูู ุงูุชูููู ู ุชุฎูููุง ุนูู ุนููู ๐,BH
"@ahmedeltayeb888 ุงููู ุจูุญูู ุฑุจู ุจูุญุจูู ุงููุงุณ 
ูุณููุงูู ูู ูุฌูููู 
ุณุจุญุงู ุงููู ูู ุงูุช ูุฑูู ูุฎุจูุซ 
ููุง ุชุฑุฌุนุด ุชููู ุจูุฒุฑ ูุน ุงูุฌูููุฑ 
ููุง ุงููุงุณ ุชุดุชูู 
ุนูู ููุฑู ูุด ุญูู ุงู ุงููุงุณ ุชุดุชูู ูู ููู ุงุญุณุงุณ ููุฑุงูู",EG
@t_ehab ุชูุงูุงู ูุงุฏ ุงูููุงู ุงููู ุนููู ุนูุงูุงุช,SY
@Roky_Elwerfally ูุด ููุชู ุดู ูุจู ูููุฌ ุจุณ ูุงุถููุช ุงูุง ูููุง ูุชูุฑุจุนู ๐๐,LY
ูุด ุฑุญ ููุชูู ุนุจูุงุทุฉ๐ https://t.co/XkNvjbp2iZ,PL
@haifa35499089 ูู ูุงุญุฏ ุตุญู ุจูุตู ุงูููู ูุฎุฑุฌ ุฑุงุณู ูู ุงูุดุจุงู ุจูุตูุญ ุงูุง ุนุงูุฒ ุญุจูุจุชู ุจุฏูุงูุง ุฑุฏ ุนููู ุงูุตุฏู ุงุงุณูุช ููุงู ุจุทู ุณุฎุงูู,IQ
"ุงููู ูุนุฑู ุณูุฑูุงุช ุฒููู ูุนูุฏูุง ุนุฑูุถุงุช 

ูุนูููู ุงููู ูุฌุฒุงู ุฎูุฑ ๐น",KW
@awad_m0 @hashmi_iman  ููู ูุง ุญุท ููุน,YE
@Mhamad_sharief ุฎููุง ูุดูู ุงูุญููุงู ุดุงู ุดูู ูุณูู ููุดูู ูููุฏููู ุชุญุณู ููุง ุญููุงู ููุฑุตุฉ ูููุชูููุงู ููุนุจ ููุดูู ุงูุฑุงูู ููุฑูุฑุง ๐ ููุดูู ุงูููุณุณ ููุงุฌู ุจุนุฏ #ุชุฌุฑุจุฉ,IQ
@shooq_t222 ูุฐุง ุงููู ูุณููู ุงุณูู ุณูู ุงูุงููุฑ ุงูุดูุฎ ุชููู ุจู ุญูุฏ ุนูู ุฃููุฑ ุฏููู ูุทุฑ ูุตุจ ุฑุงุญ ุชุฑูุนูู ูู ููุฑูุจ,QA
"ูุง ุฑุงููู ุจููุงูู ...
ูุจูู ุตุฑุงุญุฉ ... http://t.co/sUGhewrYmk",LB
@Sh3aib ููููู ุดูู ููู ููุฌูุฏ ุจุณ ูุง ุชูุงุทุนู ููุง ุชุณููู ุฏู ูุณุชุญููุฉ ๐๐๐ ุงููู ุงุดุชุฑู ูุฏูุณุฉ ุงุญุณู ๐,SD
"ูุณุนุฏ ุฏูููููู ุจุฑุดููููููููู 
ูููููููููููููููููููููููููููู",JO
@almhwoos @1libico ุงููู ูุงูุณู ุดู ูู ู ูุง ูู๐,LY
"ูุฒูุฑ ุงูููุงุญุฉ: ุณูููู ููุชููุณููู ูุตูุจ ูู ุตุงุจุฉ ุฒูุช ุงูุฒูุชูู
ูุนูุฉ ุงููู ุนูู ุงููู ูุงู ุณุจุจ ุฃูู ุชููู ูุฒูุฑ
ูุนูุฉ ุงููู ุนูู ุงููู ุฅูุชุฑุญู ุนูู ุงููู ูุงู ุณุจุจ ุฃูู ุชููู ูุฒูุฑ
ูุนูุฉ ุงููู ุนูู ุงููู ูู ุฃูู ูุงุฑุซุฉ ูุง ุฃูุงููุด
ูุนูุฉ ุงููู ุนูู ุงููู ูู ูุฑุงุฑุฉ ููุณู ูุญุชูุฑู ู ูุง ูุงุฌููุด",TN
"ูุทุน ูุณุงูู ูุงุจูุง ูุณุงูู ูุฐุฑ
#ูุญูุฏ_ุตูุงุญ_ูุฎุฑ_ุงูุนุฑุจ
ูุงูุฌูู ุงููู ุฌุงุจู ุฒุนุจูุฉ ุฏู 
ุตูุงุญ ุฌุงุจ ุงุญุณู ููู  ูุชูุฑ ุตูุงุญ ุฌุฒูุชุฉ ุจุฑูุจุฉ ุงูู ุฒู ูุญุฑุฒ ุจุชุงุนูู ุฏู
ูุณุชุบุฑุจุฉ ุงูู ูู ูุญุฑุฒ ุฏุง ุงุฎูู ูููู ูุงุญุฏ ูู ุจูุฏู ูุทูุน ูููู ุนููู ุฒู ูุง ุจูุญุตู ุนูุฏูุง ูุฏุง
ุนุงูู ุฑูู ุจูุช ููุจ
ุฑุจูุง ูุฎููู ูุงุตูุงุญ ูููุตุฑู ุจุงูุนูุฏ ูุงูููุงุจ https://t.co/0JBGwlZnV4",EG
ูุญุงูู ููุงุดู ุจุณุฑุนุฉ .. ุฅูู ุฏู !! .. ุฏู ูุงุฒู ูุชุถุฑุจ ุจุงููุงุฑ,EG
@NOHAD_GH ูุง ุชุฎุงูู ูููู ูุทูุน ุงูุฒููุฉ ุฌุจุฑุงู ุจุงุณูู,LB
@numidie10 ุจุฌุฏูุงุช ูููู๐..ุชูุง ูุนูููุฉ ุจูุงูู ุณูุงุทุฉ ุจุณ๐ ..ูุงุฏู ูุญูุด ูุงููู ูุงุฎุถุฑ ูุงููุงุจุณ ูููููู ุจุงููู ูููุงู ุงูู ุฌูุนุงุงุงุงุงุงุงู ูุจู ูุนุดู ๐๐๐๐๐๐๐๐๐๐,LY
"ุฃูุง ูุด ุฎุงูู

ููุงุฎุงู ูู ุฅูู
ุฏู ุฅููู ูุฎุงู ุจุชุฎููู ุนูููู
ุฅููู ูุฎุงู ูู ุงูุนูุฑูุช ูุทูุน ูู
ููุจุดู ููุง ููุด ุฏูุง ูููุน ูู

ุงูุนูุฑูุช:
ุจุดุฑ ุงู ููุฑ

ููู ูุงุฑุจ https://t.co/HjlfuIDGuM",YE
@RahafAlbaidhani @MohmmadHasany ุฎูุฑ ูุงุณุชุงุฑ ูููููู ููู ูุฏูุฑ ุนููู,IQ
"@MoeAbulFailat 
ุงูู ุงููุทุงุนู ูุงูุฌุงูุฒ ูุถุฑ ุจุงูุตุญุฉ ๐๐",PL
@Alhitmi79 @aj_alsaadi ูุง ูุตูุฑ ุงูุซูุงุซุงุก ูุจู ูุดูู ูุจุงุฑุงู ุงูุณุฏ ู ุจุนุฏูุง ููุงุจูู ููู ุงูุณููุทู ๐คฃ,QA
"@EdyCohen ุชุญูู ุชุชููู ุนู ุงุณูุงุฏู 
ููู ุจุชุดูู ุงูุนุฌุงูุจ 
ุจููุถุญู ูุงููู",AE
ุงููุฒูุฏ ูุงููุฒูุฏ ุจุฑุดูููู ููุนุจ ุจุฑุดูููู ูุณุฌู ูก/ูค,QA
ุญุฑุงู ูุง ููุนูู ูุณูุณู ุจุฑูุถุงู ๐ https://t.co/dTtM9mfEr5,LB
"ุชููุงู ูุณุฑู ูู ุงูููุดูุฑุงุช ..ููุงุนุจูุง ุจุทุงุทุง ูุจูุฑุฉ๐๐๐๐.
ูุฒูุฏ ุชููุงูู ูุฌุฑู ูุฑุงู  ุญุดููุฉ ูุจูุฑุฉ.
ููููููููููู๐๐๐
ูุงู ููู ๐ฟ๐ฟ๐ฟ๐ฟ๐ฟ",DZ
@IRannia ูุงุจูุชู ุงุฑุญูููุง ุดููุฉ ูููุงูุฉ ูุฑู ูููุช .. ุงูุณูุณู ูุงุนุฏ ุนูู ููุจูู ูููุง ุนููุชู ุฎูุงุต .. ุฌูู ุงููุฑ,EG
@ahmedbaday76 ูู ุนุฑุจูุฉ ุณูุฏุง ุชูุฑูุจุง ูุด ุฏูุน ุฑุจุงุนู ููุช ูุงููุฉ ุจุนูุฏ ูุนุฑูุด ุฏูู ุชุจุน ููู ุ,EG
".
ูุง ุฒูุช ุงููู ุงู ุงูุตุฏู ูุง ุชุฌูุจู
ูุง ุฌุงุจุชู ูุงูุชู ุจูุง ุฒูุฌ ูุนูุงู ..๐
.
 ูุดุงุนุฑูุง  #ุจูุงู_ุงููุงุถู|  @balmadi92  |
ูุณุชุญู ุงููุชุงุจุนู ๐

#ุบุฑุฏ_ุจุดุทุฑ",JO
@B_alshamiya ุงูุญูุฏููู ุนูู ุณูุงูุชู ูุงูุงูุฏู ุงูุงููุฑ ุตุจุงุญ ุงูุฃุญูุฏ ูุงุนุณู ุฑูุญู ุชูุฏุงู,KW
ููู ุชููู ุฎุฑูู ูุนุงุฑู ููุณู ุญ ูุถุญูุง ุจูู https://t.co/DN7YikzYHS,SD
"#ุงููุงุจ_ุงููุฑ_ูู_ุฑุดูุฏ_ุดู
ูุงุงุงุงุงุฑู ุณุฎูุช ุจุงูุธุญู ู ูุงุงุงุงุงุงุฑู ุงููุงุงุงุจ ุณุงูุง ูุนุงูุงุงุง
#IhabAmir",MA
@arabqoute ุงููุดุงุญ ูุฏุงูุฑ ุนูููู ุฌููู ๐๐,LY
"@Fatma35898075 ุงูุง ุจูู ุตุฑุงุญู ูุดูุชุด ุฎุทุจุชู ุนูุดุงู ุงุญูู..
ุจุณ ูุตุฑ ูููุง ุงูุงูู ูู ุนููุงุก ุงูุงุฒูุฑ ูุนูู ุฑุงุณูู ุงุณุงูู ุงูุฃุฒูุฑู ุฎุทุจุชู ุณูุณู ูุฌูููู
ูุงูู ุจุตุฑุงุญู ูุด ูุนููู ูุฏู ูุฒูุฑ ุงูุงููุงู ุจูู ุญูุฑ ุนูู ุฎุทุจุฉ ุงูุฌูุนู ูู ุงูุชูููุฒููู",EG
@sana_jad ุนูุฌุฏ ูุง ูููุชู ุดู ุญููุช ูู ูู ูู ูู  ..  ุจุญูููู ุงูู ูุชุฑู ูุง ุจููุช ูุช ูุซูุฑ ูุนูู ุจููุช ุงุทู ุดูู ูุจุทูุน ุจุณ ..,PL
@hussainfallah94 ูุด ุนุงุฌุจู ุงูุญููู ุงููู ูุงููุตุ,LY
@Betty1isslam1 ุงุญูุง ุงูุงูููู ูุนูุทู ุนูููุง ๐,MA
"@ZiG980 ๐ค
ุฃูุง ูุงุฐ ูุฎุจุฑ ูุงุชููุ ููู ูุนุฏุชูู ูููุญ ๐",DZ
@nosaalmanhoosa ุงูุช ูููุชู ุฑููู ููุง ูุณู โ๏ธโ๏ธ,SD
ูุงุชูุง ููุฒุฑ ุงูุงูุณุชุฌุฑุงู ุงุนููููุง ูููู,EG
ุชููู ูุงุนุฏู ูู ุงูููู ููุงฺุฑ ุงูู ููู ุฏูุงู ุนูุจ ุงูุงุฌุงุฒู ... ุงููุถุน ููุด ูุง ูุทููุด ูุงุฌุฏุนุงู๐ฉ,KW
@MRNakhala ูู ุฑู ุฑู ูุงุฌุฑุณ ูุญูุฏ ุฑุงูุจ ุน ุงููุฑุณุุ ูุนุจุฉ ุทุงู ุทุงููุฉ ุบูุฑ ููู ูุง ูุญุงูู ุงู ุญุฏ ุงุณูู ูุญูุฏ ููุงูู ุงุบููุฉ๐ถ๐ปโโ๏ธ,PL
@RehabAKM @DRLayally ุงููู ูุจุงุฑู ููุฌ ุญุจูุจุชู ๐โค๏ธ,AE
@alhajri_ali ูู ูุงุญุฏ ูุงู ูุฑุงุจุท ุนูุฏ ุจูุชูุง ุงููุฏูู ุงููู ุทูุนูุง ููู ูุงู ูู ููู ุงูุตุจุญ ูุณูู ุจุณ ุนูู ุจูุชู ููุงูุช ุชุนุธูู ูุตุฑูููุง ูุงู ุงููุฏุฑุณู ููุง ูุงู ูุฑูุญ ุงูุง ุนูุฏ ุฏุฑูุดุชูุง ูุงุญูุง ูุง ูุนุทูู ููุง ุงููููุง,QA
@safaa16111 ุฃููุฏ ูุงููู ูุฑุชู ูุงูุถูุชู ุดู ููุชุฉ ูุณูุฏุฉ ุนูุดุชู ุญุชู ููุชูู ๐๐๐๐,LB
@BaherElhassi 4000 ุดูู ุงุฒู ุชุฑูุจ ุณูุงุฑู ๐คฆ๐ปโโ๏ธ,LY
@abdullahalsgyer @SlRbY0IitZtXkFk https://t.co/M09fLZ8gdl ููุงูู ูุงุถุญ ุฏููุฉ ููุง ุณูุงุฏุฉ ูู ุชุญุช ุงุจุงุท ุงูุณุนูุฏูุฉ ูุฐู ุงูุถุญ   ๐๐ป,QA
ู ุฑุงุฌู ูุงู ุณุฑู ุฌูุงูู ุญ ุชูุณู ุงููู. ูู ุฑูุฒูุง ุจ ููุจู ูุงุญุฏ ูุณุฑูู ๐คฃ https://t.co/TqXX1p6U62,KW
@duoagmal ูุง ุฑุจ ุงุซูุฌ ุตุฏููุง,PL
@maazenn_ ุนูุฏู ุญู ุนุดุงู ูุฏุฉ ูุนุธู ุงูุณุชุงุช ุงููุญุฌุจุงุช ุงููุตุฑูุงุช ุจูู ุดุจู ุดูุงู ุงูุจุทุงุทุง ุงู ุงููุฎุฏุฉ ุงููุฏููุฉ,EG
@MohamedBinZayed ุงุญูุง ูุงูุชู ุดู ูุงุญุฏ ุดุนุงุฑูุง ุงูููุงุก ูุงููุญุจู ูุฎููุง ุนุฏููุง ููู ุฏููุน ุงูููุฑ ูุงูุบุจููู   ุนุดุชูุง ูููุฌุฏ ุนููุงู,SA
@you_bba ูุงูู ุทูู ุนูุฑู ุจูุนุจุฏุงูุฑุญูู ูุงุนุฏูุชู ุงูุฏุงู๐๐บ,KW
@Zaaherrr ูุง ุชุณูู ูุง ุงุฎูู.. ุฑูุถุงู ูู ููู ููุฎูุต ูุงููู ูุนูุฏู ..,BH
@kwifya ุชู ุฑูุญ ูุง ุตุฏุด ุงูุช ูุงูุงู ูุง ูุตุงุฑูู,LY
@_REEm500 ูุงูุชู ุจุฎูุฑ ูุตุญู ูุณูุงูู ูุงุฑุจ,SA
@aIeaaa20 ูููู ุงูููุชู ุดูู ุตุนุจุฉ ๐พ,DZ
@TheSyrian_Tweet ูุธุจูุท ููู ูุงุญุฏ ูุดุทุงุฑุชู,SY
"#ุงูุฎุงู_ุงููุฑุดูุงูู
#ูุฑุดูุงูุฉ ููุทูุฉ #ุงูุนุฒูุฒูุฉ
""ุญุณูู ุงูุฑุญูุจู ุงูุฑูุงูู "" ุฃูุฎุทู ูู ููุทูุฉ #ุงูุนุฒูุฒูุฉ ููู ุงูุณุจุช ุงููุงุถู... https://t.co/dtgtsZ7DiE",LY
ุนุดุงู ุชุนุฑููุง ููุด ุฅูุชุดุฑ ุนูุฏูุง ูุฑุถ ุงูุณูุฑ ุจุดูู ูุฎูู https://t.co/KwmGVb76YH,SA
@abdalowhab_ ุชููุชุฑ ุฃุญุณู ูู ูู ุงูููุณ ุจูู,YE
@ylrood ุนุงุฏู ููุชูู ุญุชู ุนูููุฑููุฉ ูููู ููุชูู ูุฎูุงุต๐๐,LY
